"year","area","geographic_level","vacancy_unit"
2017,"Aberdeen City","LADU","18.2"
2017,"Aberdeenshire","LADU","9.6"
2017,"Adur","LADU","4.1"
2017,"Amber Valley","LADU","9.6"
2017,"Angus","LADU","4"
2017,"Ards and North Down","LADU","2.4"
2017,"Argyll and Bute","LADU","2.4"
2017,"Armagh City, Banbridge and Craigavon","LADU","4.3"
2017,"Arun","LADU","9.4"
2017,"Ashfield","LADU","6.5"
2017,"Ashford","LADU","15.9"
2017,"Babergh","LADU","4.9"
2017,"Barking and Dagenham","LADU","11.1"
2017,"Barnet","LADU","13.3"
2017,"Barnsley","LADU","14.9"
2017,"Barrow-in-Furness","LADU","2.9"
2017,"Basildon","LADU","20.2"
2017,"Basingstoke and Deane","LADU","33.1"
2017,"Bassetlaw","LADU","8.1"
2017,"Bath and North East Somerset","LADU","19.8"
2017,"Bedford","LADU","29.7"
2017,"Belfast","LADU","29.6"
2017,"Bexley","LADU","9.3"
2017,"Birmingham","LADU","213.7"
2017,"Blaby","LADU","2.2"
2017,"Blackburn with Darwen","LADU","12.5"
2017,"Blackpool","LADU","12.2"
2017,"Blaenau Gwent","LADU","2.8"
2017,"Bolton","LADU","20.6"
2017,"Boston","LADU","4.2"
2017,"Bournemouth, Christchurch and Poole","LADU","56.7"
2017,"Bracknell Forest","LADU","13.4"
2017,"Bradford","LADU","39.8"
2017,"Braintree","LADU","14"
2017,"Breckland","LADU","9.1"
2017,"Brent","LADU","8.8"
2017,"Brentwood","LADU","10.3"
2017,"Bridgend","LADU","8.3"
2017,"Brighton and Hove","LADU","24.6"
2017,"Bristol, City of","LADU","160.1"
2017,"Bromley","LADU","21.2"
2017,"Bromsgrove","LADU","7.2"
2017,"Broxbourne","LADU","7.1"
2017,"Broxtowe","LADU","2"
2017,"Buckinghamshire","LADU","93.3"
2017,"Burnley","LADU","8.1"
2017,"Bury","LADU","11.7"
2017,"Caerphilly","LADU","5.8"
2017,"Calderdale","LADU","13.9"
2017,"Cambridge","LADU","56.9"
2017,"Camden","LADU","11.7"
2017,"Cannock Chase","LADU","10.5"
2017,"Canterbury","LADU","14.3"
2017,"Cardiff","LADU","59.8"
2017,"Carlisle","LADU","9"
2017,"Carmarthenshire","LADU","6.6"
2017,"Castle Point","LADU","1.7"
2017,"Causeway Coast and Glens","LADU","1"
2017,"Central Bedfordshire","LADU","17.8"
2017,"Charnwood","LADU","11.9"
2017,"Chelmsford","LADU","32.8"
2017,"Cheltenham","LADU","27.3"
2017,"Cherwell","LADU","24.4"
2017,"Cheshire East","LADU","34.7"
2017,"Cheshire West and Chester","LADU","29.4"
2017,"Chesterfield","LADU","13.3"
2017,"Chichester","LADU","16.6"
2017,"Chorley","LADU","6.3"
2017,"City of Edinburgh","LADU","66.7"
2017,"City of London","LADU","150"
2017,"Clackmannanshire","LADU","1.6"
2017,"Colchester","LADU","28.9"
2017,"Conwy","LADU","5.1"
2017,"Copeland","LADU","2.2"
2017,"Cornwall","LADU","41.8"
2017,"Cotswold","LADU","11.8"
2017,"County Durham","LADU","28.6"
2017,"Coventry","LADU","54.6"
2017,"Craven","LADU","7.9"
2017,"Crawley","LADU","30"
2017,"Croydon","LADU","29.4"
2017,"Dacorum","LADU","24.5"
2017,"Darlington","LADU","9.6"
2017,"Dartford","LADU","21.3"
2017,"Denbighshire","LADU","5.6"
2017,"Derby","LADU","43.3"
2017,"Derbyshire Dales","LADU","7.8"
2017,"Derry City and Strabane","LADU","2.8"
2017,"Doncaster","LADU","26.8"
2017,"Dorset","LADU","41.4"
2017,"Dover","LADU","7.6"
2017,"Dudley","LADU","20.1"
2017,"Dumfries and Galloway","LADU","5.1"
2017,"Dundee City","LADU","7.4"
2017,"Ealing","LADU","12.7"
2017,"East Cambridgeshire","LADU","3.7"
2017,"East Devon","LADU","5.6"
2017,"East Hampshire","LADU","11.4"
2017,"East Hertfordshire","LADU","19.5"
2017,"East Lindsey","LADU","5.2"
2017,"East Lothian","LADU","8.9"
2017,"East Staffordshire","LADU","8.8"
2017,"East Suffolk","LADU","11.1"
2017,"Eastbourne","LADU","9.6"
2017,"Eastleigh","LADU","11.8"
2017,"Eden","LADU","2.8"
2017,"Elmbridge","LADU","23.3"
2017,"Enfield","LADU","11.8"
2017,"Epping Forest","LADU","12.7"
2017,"Epsom and Ewell","LADU","12.6"
2017,"Erewash","LADU","3.9"
2017,"Exeter","LADU","33.1"
2017,"Falkirk","LADU","16"
2017,"Fareham","LADU","15.3"
2017,"Fenland","LADU","6"
2017,"Fife","LADU","16.3"
2017,"Flintshire","LADU","7.4"
2017,"Folkestone and Hythe","LADU","7.9"
2017,"Forest of Dean","LADU","2.5"
2017,"Fylde","LADU","3.7"
2017,"Gateshead","LADU","10.3"
2017,"Gedling","LADU","2.4"
2017,"Glasgow City","LADU","83.1"
2017,"Gloucester","LADU","26.4"
2017,"Gosport","LADU","3.1"
2017,"Gravesham","LADU","6.8"
2017,"Great Yarmouth","LADU","3.9"
2017,"Greenwich","LADU","7.8"
2017,"Guildford","LADU","43.7"
2017,"Hackney","LADU","6.6"
2017,"Halton","LADU","10.1"
2017,"Hambleton","LADU","6.1"
2017,"Harborough","LADU","9.2"
2017,"Haringey","LADU","2.4"
2017,"Harlow","LADU","13.5"
2017,"Harrogate","LADU","20.9"
2017,"Harrow","LADU","10.4"
2017,"Hart","LADU","6.9"
2017,"Hartlepool","LADU","1.9"
2017,"Hastings","LADU","4.9"
2017,"Havant","LADU","9.1"
2017,"Havering","LADU","12"
2017,"Herefordshire, County of","LADU","19.5"
2017,"Hertsmere","LADU","14.4"
2017,"Highland","LADU","11.8"
2017,"Hillingdon","LADU","25.5"
2017,"Horsham","LADU","18.3"
2017,"Hounslow","LADU","23.1"
2017,"Huntingdonshire","LADU","21.6"
2017,"Hyndburn","LADU","3.6"
2017,"Ipswich","LADU","27.1"
2017,"Isle of Wight","LADU","5"
2017,"Islington","LADU","17.1"
2017,"Kensington and Chelsea","LADU","6.4"
2017,"King's Lynn and West Norfolk","LADU","9.3"
2017,"Kingston upon Hull, City of","LADU","17.1"
2017,"Kingston upon Thames","LADU","14"
2017,"Kirklees","LADU","22.9"
2017,"Lancaster","LADU","11.1"
2017,"Leeds","LADU","154.3"
2017,"Leicester","LADU","51.4"
2017,"Lewes","LADU","7.4"
2017,"Lichfield","LADU","8"
2017,"Lincoln","LADU","16.3"
2017,"Liverpool","LADU","65.1"
2017,"Luton","LADU","31.9"
2017,"Maidstone","LADU","30.3"
2017,"Maldon","LADU","3.2"
2017,"Malvern Hills","LADU","3.5"
2017,"Manchester","LADU","239.4"
2017,"Mansfield","LADU","10.9"
2017,"Medway","LADU","18"
2017,"Melton","LADU","3.1"
2017,"Mendip","LADU","9.4"
2017,"Merthyr Tydfil","LADU","2.1"
2017,"Merton","LADU","6.3"
2017,"Mid Devon","LADU","4.9"
2017,"Mid Suffolk","LADU","5.3"
2017,"Mid Sussex","LADU","19.7"
2017,"Mid Ulster","LADU","2.5"
2017,"Middlesbrough","LADU","12.8"
2017,"Midlothian","LADU","5.9"
2017,"Milton Keynes","LADU","75.2"
2017,"Mole Valley","LADU","15.4"
2017,"Monmouthshire","LADU","4.8"
2017,"Moray","LADU","2.6"
2017,"Neath Port Talbot","LADU","3.5"
2017,"New Forest","LADU","10.7"
2017,"Newark and Sherwood","LADU","8.4"
2017,"Newcastle-under-Lyme","LADU","3.8"
2017,"Newcastle upon Tyne","LADU","64.6"
2017,"Newham","LADU","4.7"
2017,"Newport","LADU","18.3"
2017,"North Ayrshire","LADU","2.8"
2017,"North Devon","LADU","5.6"
2017,"North East Lincolnshire","LADU","9.2"
2017,"North Hertfordshire","LADU","15.4"
2017,"North Kesteven","LADU","3.5"
2017,"North Lanarkshire","LADU","8.8"
2017,"North Lincolnshire","LADU","9.8"
2017,"North Northamptonshire","LADU","33.2"
2017,"North Somerset","LADU","11.6"
2017,"North Tyneside","LADU","4.6"
2017,"North West Leicestershire","LADU","8.7"
2017,"Northumberland","LADU","18.4"
2017,"Norwich","LADU","34"
2017,"Nottingham","LADU","71.4"
2017,"Nuneaton and Bedworth","LADU","8.4"
2017,"Oldham","LADU","13.1"
2017,"Oxford","LADU","52.2"
2017,"Pembrokeshire","LADU","2.6"
2017,"Perth and Kinross","LADU","6.6"
2017,"Peterborough","LADU","37.5"
2017,"Plymouth","LADU","22.2"
2017,"Portsmouth","LADU","30.8"
2017,"Powys","LADU","6.8"
2017,"Preston","LADU","33.4"
2017,"Reading","LADU","75.2"
2017,"Redbridge","LADU","5"
2017,"Redcar and Cleveland","LADU","1.8"
2017,"Redditch","LADU","10.2"
2017,"Reigate and Banstead","LADU","25.4"
2017,"Renfrewshire","LADU","7.4"
2017,"Rhondda Cynon Taf","LADU","6"
2017,"Ribble Valley","LADU","3.5"
2017,"Richmond upon Thames","LADU","13.7"
2017,"Richmondshire","LADU","2"
2017,"Rochdale","LADU","11.1"
2017,"Rochford","LADU","3.3"
2017,"Rossendale","LADU","2"
2017,"Rother","LADU","4.5"
2017,"Rotherham","LADU","18.3"
2017,"Rugby","LADU","12.9"
2017,"Runnymede","LADU","13.5"
2017,"Rushcliffe","LADU","3.2"
2017,"Rushmoor","LADU","18.2"
2017,"Rutland","LADU","2.8"
2017,"Salford","LADU","14.2"
2017,"Sandwell","LADU","20.3"
2017,"Scarborough","LADU","6.8"
2017,"Scottish Borders","LADU","17.4"
2017,"Sedgemoor","LADU","12"
2017,"Sefton","LADU","9.8"
2017,"Selby","LADU","3.6"
2017,"Sevenoaks","LADU","15"
2017,"Sheffield","LADU","67.9"
2017,"Shropshire","LADU","30.5"
2017,"Slough","LADU","36.4"
2017,"Solihull","LADU","22.9"
2017,"Somerset West and Taunton","LADU","18.8"
2017,"South Ayrshire","LADU","5.2"
2017,"South Cambridgeshire","LADU","5.8"
2017,"South Derbyshire","LADU","4.1"
2017,"South Gloucestershire","LADU","4.8"
2017,"South Holland","LADU","6.4"
2017,"South Kesteven","LADU","9.5"
2017,"South Lakeland","LADU","7.5"
2017,"South Lanarkshire","LADU","8.5"
2017,"South Norfolk","LADU","5.5"
2017,"South Oxfordshire","LADU","16.5"
2017,"South Ribble","LADU","4"
2017,"South Somerset","LADU","19.1"
2017,"South Staffordshire","LADU","1.5"
2017,"South Tyneside","LADU","4.5"
2017,"Southampton","LADU","55.2"
2017,"Southend-on-Sea","LADU","14.6"
2017,"Southwark","LADU","10.6"
2017,"Spelthorne","LADU","12.7"
2017,"St Albans","LADU","25.3"
2017,"St. Helens","LADU","8.1"
2017,"Stafford","LADU","16.6"
2017,"Staffordshire Moorlands","LADU","3.6"
2017,"Stevenage","LADU","20"
2017,"Stirling","LADU","6.4"
2017,"Stockport","LADU","31.2"
2017,"Stockton-on-Tees","LADU","8.4"
2017,"Stoke-on-Trent","LADU","28.6"
2017,"Stratford-on-Avon","LADU","17.6"
2017,"Stroud","LADU","41.3"
2017,"Sunderland","LADU","16.4"
2017,"Surrey Heath","LADU","18"
2017,"Sutton","LADU","5.7"
2017,"Swansea","LADU","15.6"
2017,"Tandridge","LADU","5.5"
2017,"Teignbridge","LADU","6.8"
2017,"Telford and Wrekin","LADU","19.2"
2017,"Test Valley","LADU","13.4"
2017,"Tewkesbury","LADU","8.4"
2017,"Thanet","LADU","5.8"
2017,"Three Rivers","LADU","6.4"
2017,"Tonbridge and Malling","LADU","16.1"
2017,"Torbay","LADU","5.2"
2017,"Trafford","LADU","20.9"
2017,"Tunbridge Wells","LADU","13.6"
2017,"Uttlesford","LADU","7.3"
2017,"Vale of Glamorgan","LADU","1.8"
2017,"Vale of White Horse","LADU","15.8"
2017,"Wakefield","LADU","31.2"
2017,"Walsall","LADU","18.3"
2017,"Waltham Forest","LADU","5.3"
2017,"Wandsworth","LADU","9"
2017,"Warrington","LADU","38.4"
2017,"Warwick","LADU","26.9"
2017,"Watford","LADU","19.1"
2017,"Waverley","LADU","15.7"
2017,"Wealden","LADU","14"
2017,"Welwyn Hatfield","LADU","23.5"
2017,"West Berkshire","LADU","28.7"
2017,"West Devon","LADU","2.1"
2017,"West Dunbartonshire","LADU","2.3"
2017,"West Lancashire","LADU","4.9"
2017,"West Lindsey","LADU","3.6"
2017,"West Lothian","LADU","9.8"
2017,"West Northamptonshire","LADU","79.5"
2017,"West Oxfordshire","LADU","14.6"
2017,"West Suffolk","LADU","23.1"
2017,"Westminster","LADU","60"
2017,"Wigan","LADU","14.7"
2017,"Wiltshire","LADU","69.9"
2017,"Winchester","LADU","19.3"
2017,"Windsor and Maidenhead","LADU","33.6"
2017,"Wirral","LADU","14.5"
2017,"Woking","LADU","24.6"
2017,"Wokingham","LADU","11.6"
2017,"Wolverhampton","LADU","25"
2017,"Worcester","LADU","20.2"
2017,"Worthing","LADU","10.9"
2017,"Wrexham","LADU","11"
2017,"Wychavon","LADU","9.2"
2017,"Wyre Forest","LADU","7"
2017,"York","LADU","10.2"
2018,"Aberdeen City","LADU","24.6"
2018,"Aberdeenshire","LADU","11.1"
2018,"Adur","LADU","16"
2018,"Amber Valley","LADU","8.5"
2018,"Angus","LADU","5.5"
2018,"Ards and North Down","LADU","2.6"
2018,"Argyll and Bute","LADU","3.1"
2018,"Armagh City, Banbridge and Craigavon","LADU","5.4"
2018,"Arun","LADU","9.1"
2018,"Ashfield","LADU","5.2"
2018,"Ashford","LADU","18.8"
2018,"Babergh","LADU","3.9"
2018,"Barking and Dagenham","LADU","7.6"
2018,"Barnet","LADU","17.7"
2018,"Barnsley","LADU","12.9"
2018,"Barrow-in-Furness","LADU","2.4"
2018,"Basildon","LADU","21.4"
2018,"Basingstoke and Deane","LADU","40.4"
2018,"Bassetlaw","LADU","7.5"
2018,"Bath and North East Somerset","LADU","20.2"
2018,"Bedford","LADU","29.7"
2018,"Belfast","LADU","37.5"
2018,"Bexley","LADU","12.1"
2018,"Birmingham","LADU","216.6"
2018,"Blaby","LADU","2.7"
2018,"Blackburn with Darwen","LADU","14.6"
2018,"Blackpool","LADU","10.5"
2018,"Blaenau Gwent","LADU","7.5"
2018,"Bolton","LADU","24.6"
2018,"Boston","LADU","6.1"
2018,"Bournemouth, Christchurch and Poole","LADU","65"
2018,"Bracknell Forest","LADU","19.4"
2018,"Bradford","LADU","38.5"
2018,"Braintree","LADU","15.4"
2018,"Breckland","LADU","9.2"
2018,"Brent","LADU","11.9"
2018,"Brentwood","LADU","10.6"
2018,"Bridgend","LADU","10.8"
2018,"Brighton and Hove","LADU","35.5"
2018,"Bristol, City of","LADU","156.1"
2018,"Bromley","LADU","28.1"
2018,"Bromsgrove","LADU","7.2"
2018,"Broxbourne","LADU","13.5"
2018,"Broxtowe","LADU","1.4"
2018,"Buckinghamshire","LADU","109.7"
2018,"Burnley","LADU","13.9"
2018,"Bury","LADU","10.9"
2018,"Caerphilly","LADU","6.3"
2018,"Calderdale","LADU","13.9"
2018,"Cambridge","LADU","76.5"
2018,"Camden","LADU","13"
2018,"Cannock Chase","LADU","10.1"
2018,"Canterbury","LADU","14.4"
2018,"Cardiff","LADU","58.2"
2018,"Carlisle","LADU","7"
2018,"Carmarthenshire","LADU","9.4"
2018,"Castle Point","LADU","6.3"
2018,"Causeway Coast and Glens","LADU","1.5"
2018,"Central Bedfordshire","LADU","23.3"
2018,"Charnwood","LADU","16"
2018,"Chelmsford","LADU","29.8"
2018,"Cheltenham","LADU","30.6"
2018,"Cherwell","LADU","26.2"
2018,"Cheshire East","LADU","52.9"
2018,"Cheshire West and Chester","LADU","52.1"
2018,"Chesterfield","LADU","11.1"
2018,"Chichester","LADU","16"
2018,"Chorley","LADU","6.7"
2018,"City of Edinburgh","LADU","72.5"
2018,"City of London","LADU","134.7"
2018,"Clackmannanshire","LADU","1.6"
2018,"Colchester","LADU","23.1"
2018,"Conwy","LADU","5.3"
2018,"Copeland","LADU","2.6"
2018,"Cornwall","LADU","47.2"
2018,"Cotswold","LADU","12.6"
2018,"County Durham","LADU","40.7"
2018,"Coventry","LADU","50.9"
2018,"Craven","LADU","3.9"
2018,"Crawley","LADU","31.5"
2018,"Croydon","LADU","34.8"
2018,"Dacorum","LADU","19.4"
2018,"Darlington","LADU","8.9"
2018,"Dartford","LADU","20.6"
2018,"Denbighshire","LADU","5.6"
2018,"Derby","LADU","38.4"
2018,"Derbyshire Dales","LADU","5.6"
2018,"Derry City and Strabane","LADU","3.1"
2018,"Doncaster","LADU","22.9"
2018,"Dorset","LADU","48.6"
2018,"Dover","LADU","11.4"
2018,"Dudley","LADU","18.2"
2018,"Dumfries and Galloway","LADU","6.3"
2018,"Dundee City","LADU","6.6"
2018,"Ealing","LADU","14.3"
2018,"East Cambridgeshire","LADU","6.9"
2018,"East Devon","LADU","12.7"
2018,"East Hampshire","LADU","9.7"
2018,"East Hertfordshire","LADU","23.5"
2018,"East Lindsey","LADU","9"
2018,"East Lothian","LADU","6.3"
2018,"East Staffordshire","LADU","9.7"
2018,"East Suffolk","LADU","20.4"
2018,"Eastbourne","LADU","7.8"
2018,"Eastleigh","LADU","26"
2018,"Eden","LADU","4.2"
2018,"Elmbridge","LADU","29.8"
2018,"Enfield","LADU","11.4"
2018,"Epping Forest","LADU","28.9"
2018,"Epsom and Ewell","LADU","13"
2018,"Erewash","LADU","4.3"
2018,"Exeter","LADU","28.8"
2018,"Falkirk","LADU","5.3"
2018,"Fareham","LADU","16.5"
2018,"Fenland","LADU","7"
2018,"Fife","LADU","16.8"
2018,"Flintshire","LADU","7.1"
2018,"Folkestone and Hythe","LADU","6.9"
2018,"Forest of Dean","LADU","5.1"
2018,"Fylde","LADU","6.6"
2018,"Gateshead","LADU","10.9"
2018,"Gedling","LADU","21.6"
2018,"Glasgow City","LADU","77.1"
2018,"Gloucester","LADU","22.2"
2018,"Gosport","LADU","3.7"
2018,"Gravesham","LADU","7.3"
2018,"Great Yarmouth","LADU","4.4"
2018,"Greenwich","LADU","7"
2018,"Guildford","LADU","53.1"
2018,"Hackney","LADU","7"
2018,"Halton","LADU","10.6"
2018,"Hambleton","LADU","6.7"
2018,"Harborough","LADU","9.6"
2018,"Haringey","LADU","2.4"
2018,"Harlow","LADU","11.5"
2018,"Harrogate","LADU","23.4"
2018,"Harrow","LADU","14.5"
2018,"Hart","LADU","8.2"
2018,"Hartlepool","LADU","2"
2018,"Hastings","LADU","5.1"
2018,"Havant","LADU","9.9"
2018,"Havering","LADU","16.7"
2018,"Herefordshire, County of","LADU","21.2"
2018,"Hertsmere","LADU","13.8"
2018,"Highland","LADU","15.3"
2018,"Hillingdon","LADU","30.6"
2018,"Horsham","LADU","23.3"
2018,"Hounslow","LADU","33.3"
2018,"Huntingdonshire","LADU","22.7"
2018,"Hyndburn","LADU","4.4"
2018,"Ipswich","LADU","23.7"
2018,"Isle of Wight","LADU","7.4"
2018,"Islington","LADU","216.1"
2018,"Kensington and Chelsea","LADU","6.1"
2018,"King's Lynn and West Norfolk","LADU","9.5"
2018,"Kingston upon Hull, City of","LADU","17.5"
2018,"Kingston upon Thames","LADU","15.2"
2018,"Kirklees","LADU","27.5"
2018,"Lancaster","LADU","8.5"
2018,"Leeds","LADU","151.6"
2018,"Leicester","LADU","43.9"
2018,"Lewes","LADU","9.2"
2018,"Lichfield","LADU","11.8"
2018,"Lincoln","LADU","13.7"
2018,"Liverpool","LADU","69.1"
2018,"Luton","LADU","36.8"
2018,"Maidstone","LADU","36.2"
2018,"Maldon","LADU","2.8"
2018,"Malvern Hills","LADU","3.7"
2018,"Manchester","LADU","289.7"
2018,"Mansfield","LADU","12.1"
2018,"Medway","LADU","22.6"
2018,"Melton","LADU","4.7"
2018,"Mendip","LADU","19.1"
2018,"Merthyr Tydfil","LADU","1.8"
2018,"Merton","LADU","6.4"
2018,"Mid Devon","LADU","14.4"
2018,"Mid Suffolk","LADU","5.4"
2018,"Mid Sussex","LADU","25.6"
2018,"Mid Ulster","LADU","2.4"
2018,"Middlesbrough","LADU","12.4"
2018,"Midlothian","LADU","22.8"
2018,"Milton Keynes","LADU","80"
2018,"Mole Valley","LADU","20.3"
2018,"Monmouthshire","LADU","4.7"
2018,"Moray","LADU","2.8"
2018,"Neath Port Talbot","LADU","4"
2018,"New Forest","LADU","11.8"
2018,"Newark and Sherwood","LADU","5.7"
2018,"Newcastle-under-Lyme","LADU","2.6"
2018,"Newcastle upon Tyne","LADU","53.7"
2018,"Newham","LADU","6.2"
2018,"Newport","LADU","17.8"
2018,"North Ayrshire","LADU","3"
2018,"North Devon","LADU","6.5"
2018,"North East Lincolnshire","LADU","9.4"
2018,"North Hertfordshire","LADU","14.8"
2018,"North Kesteven","LADU","2.9"
2018,"North Lanarkshire","LADU","10.6"
2018,"North Lincolnshire","LADU","19"
2018,"North Northamptonshire","LADU","34.1"
2018,"North Somerset","LADU","13.8"
2018,"North Tyneside","LADU","5.9"
2018,"North West Leicestershire","LADU","11.7"
2018,"Northumberland","LADU","18.4"
2018,"Norwich","LADU","41"
2018,"Nottingham","LADU","56.8"
2018,"Nuneaton and Bedworth","LADU","28.6"
2018,"Oldham","LADU","9.9"
2018,"Oxford","LADU","44.1"
2018,"Pembrokeshire","LADU","2.5"
2018,"Perth and Kinross","LADU","7.6"
2018,"Peterborough","LADU","41.6"
2018,"Plymouth","LADU","19.6"
2018,"Portsmouth","LADU","30.7"
2018,"Powys","LADU","13.2"
2018,"Preston","LADU","25.3"
2018,"Reading","LADU","64.9"
2018,"Redbridge","LADU","7.7"
2018,"Redcar and Cleveland","LADU","3.1"
2018,"Redditch","LADU","9.5"
2018,"Reigate and Banstead","LADU","20.8"
2018,"Renfrewshire","LADU","7.3"
2018,"Rhondda Cynon Taf","LADU","6.9"
2018,"Ribble Valley","LADU","2.9"
2018,"Richmond upon Thames","LADU","15.2"
2018,"Richmondshire","LADU","5.5"
2018,"Rochdale","LADU","16.6"
2018,"Rochford","LADU","3.4"
2018,"Rossendale","LADU","5.7"
2018,"Rother","LADU","6.2"
2018,"Rotherham","LADU","17.4"
2018,"Rugby","LADU","14.6"
2018,"Runnymede","LADU","16.4"
2018,"Rushcliffe","LADU","2.2"
2018,"Rushmoor","LADU","18.4"
2018,"Rutland","LADU","4.2"
2018,"Salford","LADU","15.9"
2018,"Sandwell","LADU","20.6"
2018,"Scarborough","LADU","6.8"
2018,"Scottish Borders","LADU","4.1"
2018,"Sedgemoor","LADU","13.1"
2018,"Sefton","LADU","10.2"
2018,"Selby","LADU","5.2"
2018,"Sevenoaks","LADU","16.7"
2018,"Sheffield","LADU","64.5"
2018,"Shropshire","LADU","37.2"
2018,"Slough","LADU","36.4"
2018,"Solihull","LADU","25.9"
2018,"Somerset West and Taunton","LADU","16.8"
2018,"South Ayrshire","LADU","4.6"
2018,"South Cambridgeshire","LADU","30"
2018,"South Derbyshire","LADU","12.7"
2018,"South Gloucestershire","LADU","3.8"
2018,"South Holland","LADU","5.9"
2018,"South Kesteven","LADU","11.1"
2018,"South Lakeland","LADU","10.2"
2018,"South Lanarkshire","LADU","6.7"
2018,"South Norfolk","LADU","5"
2018,"South Oxfordshire","LADU","21.2"
2018,"South Ribble","LADU","12"
2018,"South Somerset","LADU","22.8"
2018,"South Staffordshire","LADU","2"
2018,"South Tyneside","LADU","3.4"
2018,"Southampton","LADU","43.6"
2018,"Southend-on-Sea","LADU","10.2"
2018,"Southwark","LADU","41.7"
2018,"Spelthorne","LADU","13.5"
2018,"St Albans","LADU","23.6"
2018,"St. Helens","LADU","8.6"
2018,"Stafford","LADU","23.2"
2018,"Staffordshire Moorlands","LADU","2.3"
2018,"Stevenage","LADU","16.7"
2018,"Stirling","LADU","7.7"
2018,"Stockport","LADU","30.6"
2018,"Stockton-on-Tees","LADU","8.5"
2018,"Stoke-on-Trent","LADU","20.9"
2018,"Stratford-on-Avon","LADU","17.5"
2018,"Stroud","LADU","20.6"
2018,"Sunderland","LADU","17"
2018,"Surrey Heath","LADU","16.3"
2018,"Sutton","LADU","10.5"
2018,"Swansea","LADU","13.1"
2018,"Tandridge","LADU","7.5"
2018,"Teignbridge","LADU","8.2"
2018,"Telford and Wrekin","LADU","21.9"
2018,"Test Valley","LADU","21.1"
2018,"Tewkesbury","LADU","8.1"
2018,"Thanet","LADU","8"
2018,"Three Rivers","LADU","16.2"
2018,"Tonbridge and Malling","LADU","21.2"
2018,"Torbay","LADU","5.2"
2018,"Trafford","LADU","23.1"
2018,"Tunbridge Wells","LADU","17.1"
2018,"Uttlesford","LADU","12.8"
2018,"Vale of Glamorgan","LADU","2.2"
2018,"Vale of White Horse","LADU","17.8"
2018,"Wakefield","LADU","31.9"
2018,"Walsall","LADU","17.1"
2018,"Waltham Forest","LADU","4.7"
2018,"Wandsworth","LADU","10.1"
2018,"Warrington","LADU","42.3"
2018,"Warwick","LADU","30.1"
2018,"Watford","LADU","25.7"
2018,"Waverley","LADU","18.8"
2018,"Wealden","LADU","17.5"
2018,"Welwyn Hatfield","LADU","30.6"
2018,"West Berkshire","LADU","55.2"
2018,"West Devon","LADU","2.4"
2018,"West Dunbartonshire","LADU","3.3"
2018,"West Lancashire","LADU","6.4"
2018,"West Lindsey","LADU","4"
2018,"West Lothian","LADU","10.7"
2018,"West Northamptonshire","LADU","63.2"
2018,"West Oxfordshire","LADU","17.4"
2018,"West Suffolk","LADU","23.1"
2018,"Westminster","LADU","98.4"
2018,"Wigan","LADU","17.1"
2018,"Wiltshire","LADU","85.2"
2018,"Winchester","LADU","20.4"
2018,"Windsor and Maidenhead","LADU","32.8"
2018,"Wirral","LADU","15.7"
2018,"Woking","LADU","23.4"
2018,"Wokingham","LADU","12.4"
2018,"Wolverhampton","LADU","27.2"
2018,"Worcester","LADU","16.6"
2018,"Worthing","LADU","12.4"
2018,"Wrexham","LADU","13.7"
2018,"Wychavon","LADU","16.4"
2018,"Wyre Forest","LADU","10.6"
2018,"York","LADU","10.5"
2019,"Aberdeen City","LADU","30.4"
2019,"Aberdeenshire","LADU","12"
2019,"Adur","LADU","14"
2019,"Amber Valley","LADU","7"
2019,"Angus","LADU","5.7"
2019,"Ards and North Down","LADU","2.6"
2019,"Argyll and Bute","LADU","4.1"
2019,"Armagh City, Banbridge and Craigavon","LADU","5.1"
2019,"Arun","LADU","9.2"
2019,"Ashfield","LADU","4.2"
2019,"Ashford","LADU","18.6"
2019,"Babergh","LADU","3.5"
2019,"Barking and Dagenham","LADU","9"
2019,"Barnet","LADU","16.2"
2019,"Barnsley","LADU","10.5"
2019,"Barrow-in-Furness","LADU","3.3"
2019,"Basildon","LADU","20"
2019,"Basingstoke and Deane","LADU","35.6"
2019,"Bassetlaw","LADU","6.6"
2019,"Bath and North East Somerset","LADU","28.8"
2019,"Bedford","LADU","24.7"
2019,"Belfast","LADU","42.4"
2019,"Bexley","LADU","11.8"
2019,"Birmingham","LADU","184.4"
2019,"Blaby","LADU","3.1"
2019,"Blackburn with Darwen","LADU","12"
2019,"Blackpool","LADU","8"
2019,"Blaenau Gwent","LADU","6.9"
2019,"Bolton","LADU","21.6"
2019,"Boston","LADU","4.6"
2019,"Bournemouth, Christchurch and Poole","LADU","56"
2019,"Bracknell Forest","LADU","21.2"
2019,"Bradford","LADU","34.8"
2019,"Braintree","LADU","13.1"
2019,"Breckland","LADU","8.2"
2019,"Brent","LADU","10.7"
2019,"Brentwood","LADU","9.8"
2019,"Bridgend","LADU","6.4"
2019,"Brighton and Hove","LADU","38.2"
2019,"Bristol, City of","LADU","170.6"
2019,"Bromley","LADU","25.3"
2019,"Bromsgrove","LADU","6.9"
2019,"Broxbourne","LADU","13.3"
2019,"Broxtowe","LADU","1.6"
2019,"Buckinghamshire","LADU","102.2"
2019,"Burnley","LADU","11.1"
2019,"Bury","LADU","9"
2019,"Caerphilly","LADU","5.7"
2019,"Calderdale","LADU","13.9"
2019,"Cambridge","LADU","65.9"
2019,"Camden","LADU","13.7"
2019,"Cannock Chase","LADU","7.3"
2019,"Canterbury","LADU","14.4"
2019,"Cardiff","LADU","56"
2019,"Carlisle","LADU","6.6"
2019,"Carmarthenshire","LADU","8.4"
2019,"Castle Point","LADU","5.5"
2019,"Causeway Coast and Glens","LADU","1.4"
2019,"Central Bedfordshire","LADU","20.3"
2019,"Charnwood","LADU","12.8"
2019,"Chelmsford","LADU","27.1"
2019,"Cheltenham","LADU","27.8"
2019,"Cherwell","LADU","22.4"
2019,"Cheshire East","LADU","43.2"
2019,"Cheshire West and Chester","LADU","39.9"
2019,"Chesterfield","LADU","10.8"
2019,"Chichester","LADU","14.5"
2019,"Chorley","LADU","6.7"
2019,"City of Edinburgh","LADU","85.2"
2019,"City of London","LADU","123"
2019,"Clackmannanshire","LADU","1"
2019,"Colchester","LADU","20.5"
2019,"Conwy","LADU","3.1"
2019,"Copeland","LADU","2.2"
2019,"Cornwall","LADU","36.6"
2019,"Cotswold","LADU","10.1"
2019,"County Durham","LADU","33.7"
2019,"Coventry","LADU","36.4"
2019,"Craven","LADU","3.7"
2019,"Crawley","LADU","28.6"
2019,"Croydon","LADU","35"
2019,"Dacorum","LADU","19.4"
2019,"Darlington","LADU","7.8"
2019,"Dartford","LADU","21.4"
2019,"Denbighshire","LADU","3.5"
2019,"Derby","LADU","30.3"
2019,"Derbyshire Dales","LADU","4.2"
2019,"Derry City and Strabane","LADU","3.4"
2019,"Doncaster","LADU","17.7"
2019,"Dorset","LADU","41.8"
2019,"Dover","LADU","10.2"
2019,"Dudley","LADU","15.5"
2019,"Dumfries and Galloway","LADU","4.4"
2019,"Dundee City","LADU","7.6"
2019,"Ealing","LADU","14.8"
2019,"East Cambridgeshire","LADU","5.2"
2019,"East Devon","LADU","9.2"
2019,"East Hampshire","LADU","9.8"
2019,"East Hertfordshire","LADU","21.5"
2019,"East Lindsey","LADU","8.2"
2019,"East Lothian","LADU","6.1"
2019,"East Staffordshire","LADU","9.1"
2019,"East Suffolk","LADU","18.8"
2019,"Eastbourne","LADU","8.4"
2019,"Eastleigh","LADU","22.5"
2019,"Eden","LADU","3.3"
2019,"Elmbridge","LADU","27.4"
2019,"Enfield","LADU","12.5"
2019,"Epping Forest","LADU","23.2"
2019,"Epsom and Ewell","LADU","11.3"
2019,"Erewash","LADU","3.2"
2019,"Exeter","LADU","28.5"
2019,"Falkirk","LADU","5.1"
2019,"Fareham","LADU","16.2"
2019,"Fenland","LADU","5.2"
2019,"Fife","LADU","18.2"
2019,"Flintshire","LADU","6"
2019,"Folkestone and Hythe","LADU","7.6"
2019,"Forest of Dean","LADU","2.1"
2019,"Fylde","LADU","5.8"
2019,"Gateshead","LADU","9.5"
2019,"Gedling","LADU","17.7"
2019,"Glasgow City","LADU","80.1"
2019,"Gloucester","LADU","22.4"
2019,"Gosport","LADU","3.6"
2019,"Gravesham","LADU","7.5"
2019,"Great Yarmouth","LADU","4.5"
2019,"Greenwich","LADU","6.1"
2019,"Guildford","LADU","50"
2019,"Hackney","LADU","8.2"
2019,"Halton","LADU","10.5"
2019,"Hambleton","LADU","5.8"
2019,"Harborough","LADU","7.3"
2019,"Haringey","LADU","3.1"
2019,"Harlow","LADU","11.4"
2019,"Harrogate","LADU","19.8"
2019,"Harrow","LADU","13.5"
2019,"Hart","LADU","8.3"
2019,"Hartlepool","LADU","3.3"
2019,"Hastings","LADU","5.4"
2019,"Havant","LADU","8.9"
2019,"Havering","LADU","14.4"
2019,"Herefordshire, County of","LADU","17.1"
2019,"Hertsmere","LADU","14.1"
2019,"Highland","LADU","13.8"
2019,"Hillingdon","LADU","30.3"
2019,"Horsham","LADU","21.5"
2019,"Hounslow","LADU","32"
2019,"Huntingdonshire","LADU","20.2"
2019,"Hyndburn","LADU","3.7"
2019,"Ipswich","LADU","23.4"
2019,"Isle of Wight","LADU","5.6"
2019,"Islington","LADU","173.1"
2019,"Kensington and Chelsea","LADU","5"
2019,"King's Lynn and West Norfolk","LADU","7.1"
2019,"Kingston upon Hull, City of","LADU","14.5"
2019,"Kingston upon Thames","LADU","15.1"
2019,"Kirklees","LADU","24.6"
2019,"Lancaster","LADU","7.3"
2019,"Leeds","LADU","139.3"
2019,"Leicester","LADU","39.8"
2019,"Lewes","LADU","7.6"
2019,"Lichfield","LADU","9.2"
2019,"Lincoln","LADU","12.9"
2019,"Liverpool","LADU","63.5"
2019,"Luton","LADU","29.3"
2019,"Maidstone","LADU","31.6"
2019,"Maldon","LADU","2.9"
2019,"Malvern Hills","LADU","3.1"
2019,"Manchester","LADU","277.1"
2019,"Mansfield","LADU","10.5"
2019,"Medway","LADU","23.7"
2019,"Melton","LADU","3"
2019,"Mendip","LADU","15.2"
2019,"Merthyr Tydfil","LADU","2.4"
2019,"Merton","LADU","7.1"
2019,"Mid Devon","LADU","11.6"
2019,"Mid Suffolk","LADU","3.9"
2019,"Mid Sussex","LADU","23.1"
2019,"Mid Ulster","LADU","3.3"
2019,"Middlesbrough","LADU","9"
2019,"Midlothian","LADU","12.3"
2019,"Milton Keynes","LADU","69.7"
2019,"Mole Valley","LADU","19.3"
2019,"Monmouthshire","LADU","4.7"
2019,"Moray","LADU","2.9"
2019,"Neath Port Talbot","LADU","3.2"
2019,"New Forest","LADU","13"
2019,"Newark and Sherwood","LADU","5.9"
2019,"Newcastle-under-Lyme","LADU","4.3"
2019,"Newcastle upon Tyne","LADU","47.5"
2019,"Newham","LADU","6.9"
2019,"Newport","LADU","17.7"
2019,"North Ayrshire","LADU","3.3"
2019,"North Devon","LADU","6"
2019,"North East Lincolnshire","LADU","8.3"
2019,"North Hertfordshire","LADU","15.7"
2019,"North Kesteven","LADU","3"
2019,"North Lanarkshire","LADU","10"
2019,"North Lincolnshire","LADU","14.3"
2019,"North Northamptonshire","LADU","29.1"
2019,"North Somerset","LADU","12.6"
2019,"North Tyneside","LADU","5"
2019,"North West Leicestershire","LADU","10.2"
2019,"Northumberland","LADU","16.1"
2019,"Norwich","LADU","33.7"
2019,"Nottingham","LADU","54.9"
2019,"Nuneaton and Bedworth","LADU","21.6"
2019,"Oldham","LADU","9.9"
2019,"Oxford","LADU","43.8"
2019,"Pembrokeshire","LADU","2.5"
2019,"Perth and Kinross","LADU","6.6"
2019,"Peterborough","LADU","37"
2019,"Plymouth","LADU","18.5"
2019,"Portsmouth","LADU","28.3"
2019,"Powys","LADU","6.3"
2019,"Preston","LADU","24.2"
2019,"Reading","LADU","62.8"
2019,"Redbridge","LADU","6.4"
2019,"Redcar and Cleveland","LADU","2.4"
2019,"Redditch","LADU","7.4"
2019,"Reigate and Banstead","LADU","24.7"
2019,"Renfrewshire","LADU","7.8"
2019,"Rhondda Cynon Taf","LADU","5.7"
2019,"Ribble Valley","LADU","3.5"
2019,"Richmond upon Thames","LADU","14.2"
2019,"Richmondshire","LADU","4.8"
2019,"Rochdale","LADU","14.8"
2019,"Rochford","LADU","3.2"
2019,"Rossendale","LADU","4.9"
2019,"Rother","LADU","5.4"
2019,"Rotherham","LADU","17.5"
2019,"Rugby","LADU","12.6"
2019,"Runnymede","LADU","16.5"
2019,"Rushcliffe","LADU","2.2"
2019,"Rushmoor","LADU","17.7"
2019,"Rutland","LADU","2.9"
2019,"Salford","LADU","15"
2019,"Sandwell","LADU","16"
2019,"Scarborough","LADU","6.6"
2019,"Scottish Borders","LADU","3.5"
2019,"Sedgemoor","LADU","10"
2019,"Sefton","LADU","10"
2019,"Selby","LADU","4.3"
2019,"Sevenoaks","LADU","17.4"
2019,"Sheffield","LADU","60.1"
2019,"Shropshire","LADU","27.7"
2019,"Slough","LADU","29.7"
2019,"Solihull","LADU","24.8"
2019,"Somerset West and Taunton","LADU","15.7"
2019,"South Ayrshire","LADU","4.4"
2019,"South Cambridgeshire","LADU","24.7"
2019,"South Derbyshire","LADU","10.3"
2019,"South Gloucestershire","LADU","4"
2019,"South Holland","LADU","4.9"
2019,"South Kesteven","LADU","10.2"
2019,"South Lakeland","LADU","8.8"
2019,"South Lanarkshire","LADU","7.4"
2019,"South Norfolk","LADU","4.4"
2019,"South Oxfordshire","LADU","19.3"
2019,"South Ribble","LADU","11.3"
2019,"South Somerset","LADU","19.1"
2019,"South Staffordshire","LADU","1.9"
2019,"South Tyneside","LADU","4.4"
2019,"Southampton","LADU","40.6"
2019,"Southend-on-Sea","LADU","11.1"
2019,"Southwark","LADU","10.1"
2019,"Spelthorne","LADU","14.8"
2019,"St Albans","LADU","20"
2019,"St. Helens","LADU","8.9"
2019,"Stafford","LADU","18.6"
2019,"Staffordshire Moorlands","LADU","2.5"
2019,"Stevenage","LADU","18.6"
2019,"Stirling","LADU","5.8"
2019,"Stockport","LADU","24.8"
2019,"Stockton-on-Tees","LADU","8.2"
2019,"Stoke-on-Trent","LADU","19.6"
2019,"Stratford-on-Avon","LADU","14.2"
2019,"Stroud","LADU","15.2"
2019,"Sunderland","LADU","14.4"
2019,"Surrey Heath","LADU","13.2"
2019,"Sutton","LADU","9.2"
2019,"Swansea","LADU","11.2"
2019,"Tandridge","LADU","9.1"
2019,"Teignbridge","LADU","7.5"
2019,"Telford and Wrekin","LADU","19.2"
2019,"Test Valley","LADU","19.7"
2019,"Tewkesbury","LADU","7.7"
2019,"Thanet","LADU","6.1"
2019,"Three Rivers","LADU","15.5"
2019,"Tonbridge and Malling","LADU","19.9"
2019,"Torbay","LADU","6.1"
2019,"Trafford","LADU","18.4"
2019,"Tunbridge Wells","LADU","17.6"
2019,"Uttlesford","LADU","11.5"
2019,"Vale of Glamorgan","LADU","1.5"
2019,"Vale of White Horse","LADU","18.5"
2019,"Wakefield","LADU","31.8"
2019,"Walsall","LADU","11.6"
2019,"Waltham Forest","LADU","3.9"
2019,"Wandsworth","LADU","9.1"
2019,"Warrington","LADU","36.6"
2019,"Warwick","LADU","23.5"
2019,"Watford","LADU","27.2"
2019,"Waverley","LADU","18.9"
2019,"Wealden","LADU","15.1"
2019,"Welwyn Hatfield","LADU","23.8"
2019,"West Berkshire","LADU","43.7"
2019,"West Devon","LADU","2"
2019,"West Dunbartonshire","LADU","3.9"
2019,"West Lancashire","LADU","5.3"
2019,"West Lindsey","LADU","3.8"
2019,"West Lothian","LADU","11.2"
2019,"West Northamptonshire","LADU","57.9"
2019,"West Oxfordshire","LADU","16.8"
2019,"West Suffolk","LADU","21.2"
2019,"Westminster","LADU","30.1"
2019,"Wigan","LADU","14.9"
2019,"Wiltshire","LADU","70.8"
2019,"Winchester","LADU","16.1"
2019,"Windsor and Maidenhead","LADU","34.3"
2019,"Wirral","LADU","14.6"
2019,"Woking","LADU","22"
2019,"Wokingham","LADU","14.3"
2019,"Wolverhampton","LADU","21"
2019,"Worcester","LADU","14.5"
2019,"Worthing","LADU","10.6"
2019,"Wrexham","LADU","9.8"
2019,"Wychavon","LADU","13.9"
2019,"Wyre Forest","LADU","8.6"
2019,"York","LADU","11.1"
2020,"Aberdeen City","LADU","30.7"
2020,"Aberdeenshire","LADU","11.7"
2020,"Adur","LADU","4.9"
2020,"Amber Valley","LADU","6.9"
2020,"Angus","LADU","4.1"
2020,"Ards and North Down","LADU","2"
2020,"Argyll and Bute","LADU","2.9"
2020,"Armagh City, Banbridge and Craigavon","LADU","2.3"
2020,"Arun","LADU","8.5"
2020,"Ashfield","LADU","3.5"
2020,"Ashford","LADU","9.3"
2020,"Babergh","LADU","3.2"
2020,"Barking and Dagenham","LADU","7.9"
2020,"Barnet","LADU","13.9"
2020,"Barnsley","LADU","9.3"
2020,"Barrow-in-Furness","LADU","4.1"
2020,"Basildon","LADU","16.8"
2020,"Basingstoke and Deane","LADU","30.3"
2020,"Bassetlaw","LADU","7.9"
2020,"Bath and North East Somerset","LADU","21.6"
2020,"Bedford","LADU","19.8"
2020,"Belfast","LADU","18.7"
2020,"Bexley","LADU","9"
2020,"Birmingham","LADU","141.9"
2020,"Blaby","LADU","2.5"
2020,"Blackburn with Darwen","LADU","13.4"
2020,"Blackpool","LADU","10"
2020,"Blaenau Gwent","LADU","6.7"
2020,"Bolton","LADU","14.1"
2020,"Boston","LADU","3.8"
2020,"Bournemouth, Christchurch and Poole","LADU","44.4"
2020,"Bracknell Forest","LADU","15.7"
2020,"Bradford","LADU","28.3"
2020,"Braintree","LADU","11.4"
2020,"Breckland","LADU","7.8"
2020,"Brent","LADU","8.3"
2020,"Brentwood","LADU","8.5"
2020,"Bridgend","LADU","4.6"
2020,"Brighton and Hove","LADU","34.8"
2020,"Bristol, City of","LADU","141.5"
2020,"Bromley","LADU","21.6"
2020,"Bromsgrove","LADU","6.4"
2020,"Broxbourne","LADU","6.2"
2020,"Broxtowe","LADU","1.3"
2020,"Buckinghamshire","LADU","91.5"
2020,"Burnley","LADU","6.9"
2020,"Bury","LADU","9.5"
2020,"Caerphilly","LADU","8.8"
2020,"Calderdale","LADU","11.2"
2020,"Cambridge","LADU","57.1"
2020,"Camden","LADU","13.1"
2020,"Cannock Chase","LADU","6.1"
2020,"Canterbury","LADU","12.9"
2020,"Cardiff","LADU","60.7"
2020,"Carlisle","LADU","6.5"
2020,"Carmarthenshire","LADU","5.8"
2020,"Castle Point","LADU","1.7"
2020,"Causeway Coast and Glens","LADU","0.8"
2020,"Central Bedfordshire","LADU","17.4"
2020,"Charnwood","LADU","10.4"
2020,"Chelmsford","LADU","27.6"
2020,"Cheltenham","LADU","25.2"
2020,"Cherwell","LADU","20.6"
2020,"Cheshire East","LADU","37.9"
2020,"Cheshire West and Chester","LADU","34.2"
2020,"Chesterfield","LADU","12.2"
2020,"Chichester","LADU","13.3"
2020,"Chorley","LADU","6.1"
2020,"City of Edinburgh","LADU","60.9"
2020,"City of London","LADU","187.3"
2020,"Clackmannanshire","LADU","1.2"
2020,"Colchester","LADU","21.7"
2020,"Conwy","LADU","2.9"
2020,"Copeland","LADU","3.1"
2020,"Cornwall","LADU","33.7"
2020,"Cotswold","LADU","9.8"
2020,"County Durham","LADU","27"
2020,"Coventry","LADU","34.9"
2020,"Craven","LADU","3.3"
2020,"Crawley","LADU","26.7"
2020,"Croydon","LADU","31.7"
2020,"Dacorum","LADU","18.6"
2020,"Darlington","LADU","6.8"
2020,"Dartford","LADU","15.1"
2020,"Denbighshire","LADU","3"
2020,"Derby","LADU","29.1"
2020,"Derbyshire Dales","LADU","4.4"
2020,"Derry City and Strabane","LADU","1.2"
2020,"Doncaster","LADU","18.8"
2020,"Dorset","LADU","42.2"
2020,"Dover","LADU","5.7"
2020,"Dudley","LADU","14"
2020,"Dumfries and Galloway","LADU","3.9"
2020,"Dundee City","LADU","7.6"
2020,"Ealing","LADU","12.2"
2020,"East Cambridgeshire","LADU","4.3"
2020,"East Devon","LADU","6.2"
2020,"East Hampshire","LADU","9.7"
2020,"East Hertfordshire","LADU","18.9"
2020,"East Lindsey","LADU","4.4"
2020,"East Lothian","LADU","4.4"
2020,"East Staffordshire","LADU","7.1"
2020,"East Suffolk","LADU","9.9"
2020,"Eastbourne","LADU","7.7"
2020,"Eastleigh","LADU","9.9"
2020,"Eden","LADU","2.6"
2020,"Elmbridge","LADU","19.6"
2020,"Enfield","LADU","15.5"
2020,"Epping Forest","LADU","9.1"
2020,"Epsom and Ewell","LADU","11.1"
2020,"Erewash","LADU","3"
2020,"Exeter","LADU","31.4"
2020,"Falkirk","LADU","3.6"
2020,"Fareham","LADU","13.9"
2020,"Fenland","LADU","4.6"
2020,"Fife","LADU","13.9"
2020,"Flintshire","LADU","6.8"
2020,"Folkestone and Hythe","LADU","5.6"
2020,"Forest of Dean","LADU","1.9"
2020,"Fylde","LADU","3.5"
2020,"Gateshead","LADU","7.1"
2020,"Gedling","LADU","2.9"
2020,"Glasgow City","LADU","70.4"
2020,"Gloucester","LADU","25.5"
2020,"Gosport","LADU","3.3"
2020,"Gravesham","LADU","4.8"
2020,"Great Yarmouth","LADU","3.4"
2020,"Greenwich","LADU","6.2"
2020,"Guildford","LADU","37"
2020,"Hackney","LADU","5.9"
2020,"Halton","LADU","9.8"
2020,"Hambleton","LADU","6.2"
2020,"Harborough","LADU","6.9"
2020,"Haringey","LADU","2.6"
2020,"Harlow","LADU","10.7"
2020,"Harrogate","LADU","20.3"
2020,"Harrow","LADU","14.1"
2020,"Hart","LADU","8"
2020,"Hartlepool","LADU","2.4"
2020,"Hastings","LADU","5.7"
2020,"Havant","LADU","9"
2020,"Havering","LADU","10"
2020,"Herefordshire, County of","LADU","14.4"
2020,"Hertsmere","LADU","14.2"
2020,"Highland","LADU","12.1"
2020,"Hillingdon","LADU","26.3"
2020,"Horsham","LADU","17.4"
2020,"Hounslow","LADU","21.2"
2020,"Huntingdonshire","LADU","18.8"
2020,"Hyndburn","LADU","2.6"
2020,"Ipswich","LADU","21.6"
2020,"Isle of Wight","LADU","6"
2020,"Islington","LADU","7.9"
2020,"Kensington and Chelsea","LADU","5.6"
2020,"King's Lynn and West Norfolk","LADU","5.9"
2020,"Kingston upon Hull, City of","LADU","13.8"
2020,"Kingston upon Thames","LADU","14.1"
2020,"Kirklees","LADU","20.1"
2020,"Lancaster","LADU","14.5"
2020,"Leeds","LADU","130.4"
2020,"Leicester","LADU","41.4"
2020,"Lewes","LADU","6.4"
2020,"Lichfield","LADU","7.3"
2020,"Lincoln","LADU","13.5"
2020,"Liverpool","LADU","52.4"
2020,"Luton","LADU","23.9"
2020,"Maidstone","LADU","22.8"
2020,"Maldon","LADU","2.1"
2020,"Malvern Hills","LADU","2.8"
2020,"Manchester","LADU","239.9"
2020,"Mansfield","LADU","9.2"
2020,"Medway","LADU","15"
2020,"Melton","LADU","2.8"
2020,"Mendip","LADU","16"
2020,"Merthyr Tydfil","LADU","1.4"
2020,"Merton","LADU","8.5"
2020,"Mid Devon","LADU","5"
2020,"Mid Suffolk","LADU","4.5"
2020,"Mid Sussex","LADU","18.7"
2020,"Mid Ulster","LADU","2.1"
2020,"Middlesbrough","LADU","7.8"
2020,"Midlothian","LADU","22.9"
2020,"Milton Keynes","LADU","59.2"
2020,"Mole Valley","LADU","16.3"
2020,"Monmouthshire","LADU","3.9"
2020,"Moray","LADU","2.5"
2020,"Neath Port Talbot","LADU","3"
2020,"New Forest","LADU","13.1"
2020,"Newark and Sherwood","LADU","5.6"
2020,"Newcastle-under-Lyme","LADU","4.7"
2020,"Newcastle upon Tyne","LADU","40.9"
2020,"Newham","LADU","7.5"
2020,"Newport","LADU","17.7"
2020,"North Ayrshire","LADU","2.5"
2020,"North Devon","LADU","4.4"
2020,"North East Lincolnshire","LADU","7.1"
2020,"North Hertfordshire","LADU","21"
2020,"North Kesteven","LADU","3"
2020,"North Lanarkshire","LADU","9.1"
2020,"North Lincolnshire","LADU","6.7"
2020,"North Northamptonshire","LADU","27.2"
2020,"North Somerset","LADU","19.9"
2020,"North Tyneside","LADU","3.6"
2020,"North West Leicestershire","LADU","7.9"
2020,"Northumberland","LADU","14.3"
2020,"Norwich","LADU","29.1"
2020,"Nottingham","LADU","61.1"
2020,"Nuneaton and Bedworth","LADU","8.2"
2020,"Oldham","LADU","9.8"
2020,"Oxford","LADU","44.1"
2020,"Pembrokeshire","LADU","3.7"
2020,"Perth and Kinross","LADU","5.3"
2020,"Peterborough","LADU","26.4"
2020,"Plymouth","LADU","17.8"
2020,"Portsmouth","LADU","25"
2020,"Powys","LADU","8"
2020,"Preston","LADU","26.9"
2020,"Reading","LADU","71"
2020,"Redbridge","LADU","4.5"
2020,"Redcar and Cleveland","LADU","2.5"
2020,"Redditch","LADU","6.9"
2020,"Reigate and Banstead","LADU","23.1"
2020,"Renfrewshire","LADU","7.6"
2020,"Rhondda Cynon Taf","LADU","4.9"
2020,"Ribble Valley","LADU","2"
2020,"Richmond upon Thames","LADU","16.7"
2020,"Richmondshire","LADU","1.8"
2020,"Rochdale","LADU","9.5"
2020,"Rochford","LADU","3.4"
2020,"Rossendale","LADU","2.1"
2020,"Rother","LADU","6.2"
2020,"Rotherham","LADU","11.8"
2020,"Rugby","LADU","10.6"
2020,"Runnymede","LADU","14.1"
2020,"Rushcliffe","LADU","2.3"
2020,"Rushmoor","LADU","18.8"
2020,"Rutland","LADU","3.3"
2020,"Salford","LADU","8.9"
2020,"Sandwell","LADU","13.1"
2020,"Scarborough","LADU","5.8"
2020,"Scottish Borders","LADU","3"
2020,"Sedgemoor","LADU","9.6"
2020,"Sefton","LADU","8.4"
2020,"Selby","LADU","3.1"
2020,"Sevenoaks","LADU","12.1"
2020,"Sheffield","LADU","47.1"
2020,"Shropshire","LADU","30.4"
2020,"Slough","LADU","25.8"
2020,"Solihull","LADU","16.8"
2020,"Somerset West and Taunton","LADU","15.9"
2020,"South Ayrshire","LADU","2.8"
2020,"South Cambridgeshire","LADU","6.4"
2020,"South Derbyshire","LADU","4.4"
2020,"South Gloucestershire","LADU","4.4"
2020,"South Holland","LADU","5.1"
2020,"South Kesteven","LADU","8.6"
2020,"South Lakeland","LADU","7"
2020,"South Lanarkshire","LADU","6"
2020,"South Norfolk","LADU","4.8"
2020,"South Oxfordshire","LADU","17.7"
2020,"South Ribble","LADU","4.6"
2020,"South Somerset","LADU","17.4"
2020,"South Staffordshire","LADU","1.7"
2020,"South Tyneside","LADU","3.7"
2020,"Southampton","LADU","43.2"
2020,"Southend-on-Sea","LADU","13.3"
2020,"Southwark","LADU","9.3"
2020,"Spelthorne","LADU","11.9"
2020,"St Albans","LADU","18.8"
2020,"St. Helens","LADU","8.9"
2020,"Stafford","LADU","10.9"
2020,"Staffordshire Moorlands","LADU","2.1"
2020,"Stevenage","LADU","19.5"
2020,"Stirling","LADU","4.9"
2020,"Stockport","LADU","25.3"
2020,"Stockton-on-Tees","LADU","6.9"
2020,"Stoke-on-Trent","LADU","21"
2020,"Stratford-on-Avon","LADU","13"
2020,"Stroud","LADU","29.8"
2020,"Sunderland","LADU","11.9"
2020,"Surrey Heath","LADU","12"
2020,"Sutton","LADU","8.2"
2020,"Swansea","LADU","15.3"
2020,"Tandridge","LADU","5.8"
2020,"Teignbridge","LADU","5.7"
2020,"Telford and Wrekin","LADU","15.2"
2020,"Test Valley","LADU","14.4"
2020,"Tewkesbury","LADU","7"
2020,"Thanet","LADU","4.6"
2020,"Three Rivers","LADU","6.6"
2020,"Tonbridge and Malling","LADU","14"
2020,"Torbay","LADU","6.2"
2020,"Trafford","LADU","17.5"
2020,"Tunbridge Wells","LADU","12.6"
2020,"Uttlesford","LADU","9.4"
2020,"Vale of Glamorgan","LADU","1.3"
2020,"Vale of White Horse","LADU","16.8"
2020,"Wakefield","LADU","26.5"
2020,"Walsall","LADU","9.9"
2020,"Waltham Forest","LADU","4"
2020,"Wandsworth","LADU","9.7"
2020,"Warrington","LADU","26"
2020,"Warwick","LADU","20.2"
2020,"Watford","LADU","17.6"
2020,"Waverley","LADU","14.6"
2020,"Wealden","LADU","17.5"
2020,"Welwyn Hatfield","LADU","19.5"
2020,"West Berkshire","LADU","22.7"
2020,"West Devon","LADU","2.4"
2020,"West Dunbartonshire","LADU","2.6"
2020,"West Lancashire","LADU","5.6"
2020,"West Lindsey","LADU","3.4"
2020,"West Lothian","LADU","12.1"
2020,"West Northamptonshire","LADU","60.8"
2020,"West Oxfordshire","LADU","18.5"
2020,"West Suffolk","LADU","19"
2020,"Westminster","LADU","24.1"
2020,"Wigan","LADU","12.8"
2020,"Wiltshire","LADU","65.8"
2020,"Winchester","LADU","16.8"
2020,"Windsor and Maidenhead","LADU","28.1"
2020,"Wirral","LADU","11.1"
2020,"Woking","LADU","19"
2020,"Wokingham","LADU","11.2"
2020,"Wolverhampton","LADU","15.9"
2020,"Worcester","LADU","14"
2020,"Worthing","LADU","9.9"
2020,"Wrexham","LADU","10.5"
2020,"Wychavon","LADU","8.7"
2020,"Wyre Forest","LADU","6.3"
2020,"York","LADU","15.2"
2021,"Aberdeen City","LADU","12.2"
2021,"Aberdeenshire","LADU","8.7"
2021,"Adur","LADU","3.8"
2021,"Amber Valley","LADU","9.1"
2021,"Angus","LADU","4.6"
2021,"Ards and North Down","LADU","0.9"
2021,"Argyll and Bute","LADU","3.7"
2021,"Armagh City, Banbridge and Craigavon","LADU","2"
2021,"Arun","LADU","6.6"
2021,"Ashfield","LADU","4.6"
2021,"Ashford","LADU","10"
2021,"Babergh","LADU","2.7"
2021,"Barking and Dagenham","LADU","4.2"
2021,"Barnet","LADU","11.4"
2021,"Barnsley","LADU","10.7"
2021,"Barrow-in-Furness","LADU","3.4"
2021,"Basildon","LADU","14.3"
2021,"Basingstoke and Deane","LADU","20.5"
2021,"Bassetlaw","LADU","9.6"
2021,"Bath and North East Somerset","LADU","16"
2021,"Bedford","LADU","16.2"
2021,"Belfast","LADU","31.3"
2021,"Bexley","LADU","6.9"
2021,"Birmingham","LADU","109.7"
2021,"Blaby","LADU","2"
2021,"Blackburn with Darwen","LADU","12.8"
2021,"Blackpool","LADU","7.3"
2021,"Blaenau Gwent","LADU","8.4"
2021,"Bolton","LADU","14.4"
2021,"Boston","LADU","3.4"
2021,"Bournemouth, Christchurch and Poole","LADU","32.1"
2021,"Bracknell Forest","LADU","10.6"
2021,"Bradford","LADU","26.9"
2021,"Braintree","LADU","8.1"
2021,"Breckland","LADU","9.5"
2021,"Brent","LADU","6.2"
2021,"Brentwood","LADU","6.7"
2021,"Bridgend","LADU","6"
2021,"Brighton and Hove","LADU","22.6"
2021,"Bristol, City of","LADU","106.3"
2021,"Bromley","LADU","15.9"
2021,"Bromsgrove","LADU","4.4"
2021,"Broxbourne","LADU","5"
2021,"Broxtowe","LADU","1.1"
2021,"Buckinghamshire","LADU","61.5"
2021,"Burnley","LADU","7"
2021,"Bury","LADU","7.9"
2021,"Caerphilly","LADU","6"
2021,"Calderdale","LADU","10.4"
2021,"Cambridge","LADU","26.4"
2021,"Camden","LADU","8.6"
2021,"Cannock Chase","LADU","6.2"
2021,"Canterbury","LADU","11.6"
2021,"Cardiff","LADU","39.7"
2021,"Carlisle","LADU","8.3"
2021,"Carmarthenshire","LADU","6.3"
2021,"Castle Point","LADU","1.5"
2021,"Causeway Coast and Glens","LADU","1"
2021,"Central Bedfordshire","LADU","16.2"
2021,"Charnwood","LADU","10.7"
2021,"Chelmsford","LADU","19.1"
2021,"Cheltenham","LADU","16.7"
2021,"Cherwell","LADU","15.2"
2021,"Cheshire East","LADU","35"
2021,"Cheshire West and Chester","LADU","29.4"
2021,"Chesterfield","LADU","10.4"
2021,"Chichester","LADU","8.6"
2021,"Chorley","LADU","6.2"
2021,"City of Edinburgh","LADU","43"
2021,"City of London","LADU","86.9"
2021,"Clackmannanshire","LADU","2.3"
2021,"Colchester","LADU","16.9"
2021,"Conwy","LADU","5.1"
2021,"Copeland","LADU","5.5"
2021,"Cornwall","LADU","41.8"
2021,"Cotswold","LADU","6.3"
2021,"County Durham","LADU","31.1"
2021,"Coventry","LADU","26.7"
2021,"Craven","LADU","3.1"
2021,"Crawley","LADU","15.1"
2021,"Croydon","LADU","18.7"
2021,"Dacorum","LADU","13.1"
2021,"Darlington","LADU","7.7"
2021,"Dartford","LADU","13.6"
2021,"Denbighshire","LADU","4.6"
2021,"Derby","LADU","27.7"
2021,"Derbyshire Dales","LADU","6.2"
2021,"Derry City and Strabane","LADU","1.2"
2021,"Doncaster","LADU","20.6"
2021,"Dorset","LADU","32.3"
2021,"Dover","LADU","6.8"
2021,"Dudley","LADU","12.3"
2021,"Dumfries and Galloway","LADU","6.9"
2021,"Dundee City","LADU","7"
2021,"Ealing","LADU","9"
2021,"East Cambridgeshire","LADU","7.3"
2021,"East Devon","LADU","7.5"
2021,"East Hampshire","LADU","6.9"
2021,"East Hertfordshire","LADU","12.7"
2021,"East Lindsey","LADU","5.8"
2021,"East Lothian","LADU","8.4"
2021,"East Staffordshire","LADU","8.9"
2021,"East Suffolk","LADU","12.7"
2021,"Eastbourne","LADU","6.7"
2021,"Eastleigh","LADU","6.2"
2021,"Eden","LADU","3.4"
2021,"Elmbridge","LADU","10.5"
2021,"Enfield","LADU","11"
2021,"Epping Forest","LADU","8.2"
2021,"Epsom and Ewell","LADU","6.6"
2021,"Erewash","LADU","4.1"
2021,"Exeter","LADU","26.4"
2021,"Falkirk","LADU","5.5"
2021,"Fareham","LADU","9.8"
2021,"Fenland","LADU","7.8"
2021,"Fife","LADU","14.8"
2021,"Flintshire","LADU","8"
2021,"Folkestone and Hythe","LADU","6.3"
2021,"Forest of Dean","LADU","2.8"
2021,"Fylde","LADU","4.1"
2021,"Gateshead","LADU","8.5"
2021,"Gedling","LADU","2.5"
2021,"Glasgow City","LADU","53.2"
2021,"Gloucester","LADU","19.6"
2021,"Gosport","LADU","2.7"
2021,"Gravesham","LADU","5.1"
2021,"Great Yarmouth","LADU","4.5"
2021,"Greenwich","LADU","4.4"
2021,"Guildford","LADU","25.5"
2021,"Hackney","LADU","4.6"
2021,"Halton","LADU","9.5"
2021,"Hambleton","LADU","6.1"
2021,"Harborough","LADU","6.3"
2021,"Haringey","LADU","2.8"
2021,"Harlow","LADU","7.4"
2021,"Harrogate","LADU","14.8"
2021,"Harrow","LADU","8.5"
2021,"Hart","LADU","3.8"
2021,"Hartlepool","LADU","5.6"
2021,"Hastings","LADU","4.1"
2021,"Havant","LADU","7.6"
2021,"Havering","LADU","7.5"
2021,"Herefordshire, County of","LADU","15.7"
2021,"Hertsmere","LADU","9.2"
2021,"Highland","LADU","15"
2021,"Hillingdon","LADU","15.8"
2021,"Horsham","LADU","12.9"
2021,"Hounslow","LADU","31.8"
2021,"Huntingdonshire","LADU","15.3"
2021,"Hyndburn","LADU","3.8"
2021,"Ipswich","LADU","16.7"
2021,"Isle of Wight","LADU","10"
2021,"Islington","LADU","11.5"
2021,"Kensington and Chelsea","LADU","3.9"
2021,"King's Lynn and West Norfolk","LADU","8.8"
2021,"Kingston upon Hull, City of","LADU","13.3"
2021,"Kingston upon Thames","LADU","7.7"
2021,"Kirklees","LADU","21.2"
2021,"Lancaster","LADU","11.6"
2021,"Leeds","LADU","103.2"
2021,"Leicester","LADU","35.9"
2021,"Lewes","LADU","6.2"
2021,"Lichfield","LADU","6.6"
2021,"Lincoln","LADU","12.9"
2021,"Liverpool","LADU","48.8"
2021,"Luton","LADU","12.2"
2021,"Maidstone","LADU","18.9"
2021,"Maldon","LADU","2.7"
2021,"Malvern Hills","LADU","3.4"
2021,"Manchester","LADU","186.7"
2021,"Mansfield","LADU","8.1"
2021,"Medway","LADU","16"
2021,"Melton","LADU","2.6"
2021,"Mendip","LADU","11.9"
2021,"Merthyr Tydfil","LADU","2"
2021,"Merton","LADU","5.7"
2021,"Mid Devon","LADU","4.7"
2021,"Mid Suffolk","LADU","7.4"
2021,"Mid Sussex","LADU","10.1"
2021,"Mid Ulster","LADU","2"
2021,"Middlesbrough","LADU","9.1"
2021,"Midlothian","LADU","13.5"
2021,"Milton Keynes","LADU","38.7"
2021,"Mole Valley","LADU","9.3"
2021,"Monmouthshire","LADU","5.9"
2021,"Moray","LADU","2.9"
2021,"Neath Port Talbot","LADU","4.4"
2021,"New Forest","LADU","10.1"
2021,"Newark and Sherwood","LADU","6.4"
2021,"Newcastle-under-Lyme","LADU","6.4"
2021,"Newcastle upon Tyne","LADU","33.9"
2021,"Newham","LADU","6.5"
2021,"Newport","LADU","16"
2021,"North Ayrshire","LADU","4.1"
2021,"North Devon","LADU","5.1"
2021,"North East Lincolnshire","LADU","8.2"
2021,"North Hertfordshire","LADU","12.6"
2021,"North Kesteven","LADU","4.3"
2021,"North Lanarkshire","LADU","7.7"
2021,"North Lincolnshire","LADU","8.8"
2021,"North Northamptonshire","LADU","30.2"
2021,"North Somerset","LADU","17.4"
2021,"North Tyneside","LADU","3.8"
2021,"North West Leicestershire","LADU","6.9"
2021,"Northumberland","LADU","15.6"
2021,"Norwich","LADU","26.4"
2021,"Nottingham","LADU","53.2"
2021,"Nuneaton and Bedworth","LADU","8.5"
2021,"Oldham","LADU","11.2"
2021,"Oxford","LADU","30.6"
2021,"Pembrokeshire","LADU","4.6"
2021,"Perth and Kinross","LADU","5.5"
2021,"Peterborough","LADU","24.6"
2021,"Plymouth","LADU","20.6"
2021,"Portsmouth","LADU","21.4"
2021,"Powys","LADU","8.9"
2021,"Preston","LADU","23.3"
2021,"Reading","LADU","46.9"
2021,"Redbridge","LADU","3.1"
2021,"Redcar and Cleveland","LADU","3"
2021,"Redditch","LADU","5.5"
2021,"Reigate and Banstead","LADU","12.4"
2021,"Renfrewshire","LADU","6.2"
2021,"Rhondda Cynon Taf","LADU","7.5"
2021,"Ribble Valley","LADU","1.9"
2021,"Richmond upon Thames","LADU","9.3"
2021,"Richmondshire","LADU","2.4"
2021,"Rochdale","LADU","9.2"
2021,"Rochford","LADU","2.7"
2021,"Rossendale","LADU","2.6"
2021,"Rother","LADU","5"
2021,"Rotherham","LADU","12.3"
2021,"Rugby","LADU","8.8"
2021,"Runnymede","LADU","8"
2021,"Rushcliffe","LADU","2"
2021,"Rushmoor","LADU","8.6"
2021,"Rutland","LADU","3.3"
2021,"Salford","LADU","8.1"
2021,"Sandwell","LADU","11.4"
2021,"Scarborough","LADU","4.6"
2021,"Scottish Borders","LADU","6.2"
2021,"Sedgemoor","LADU","9.7"
2021,"Sefton","LADU","7.8"
2021,"Selby","LADU","4.9"
2021,"Sevenoaks","LADU","9.7"
2021,"Sheffield","LADU","39.9"
2021,"Shropshire","LADU","28.5"
2021,"Slough","LADU","15.6"
2021,"Solihull","LADU","10.4"
2021,"Somerset West and Taunton","LADU","14.3"
2021,"South Ayrshire","LADU","3.4"
2021,"South Cambridgeshire","LADU","4.9"
2021,"South Derbyshire","LADU","5.4"
2021,"South Gloucestershire","LADU","6.2"
2021,"South Holland","LADU","6.3"
2021,"South Kesteven","LADU","8.8"
2021,"South Lakeland","LADU","6.2"
2021,"South Lanarkshire","LADU","6.5"
2021,"South Norfolk","LADU","7.7"
2021,"South Oxfordshire","LADU","12.6"
2021,"South Ribble","LADU","4.7"
2021,"South Somerset","LADU","16.1"
2021,"South Staffordshire","LADU","2.3"
2021,"South Tyneside","LADU","4"
2021,"Southampton","LADU","32.8"
2021,"Southend-on-Sea","LADU","7.9"
2021,"Southwark","LADU","8.2"
2021,"Spelthorne","LADU","7.2"
2021,"St Albans","LADU","12.1"
2021,"St. Helens","LADU","7.1"
2021,"Stafford","LADU","12.1"
2021,"Staffordshire Moorlands","LADU","4.6"
2021,"Stevenage","LADU","13.2"
2021,"Stirling","LADU","4.3"
2021,"Stockport","LADU","20.4"
2021,"Stockton-on-Tees","LADU","6.7"
2021,"Stoke-on-Trent","LADU","22.6"
2021,"Stratford-on-Avon","LADU","9.5"
2021,"Stroud","LADU","42.2"
2021,"Sunderland","LADU","12.1"
2021,"Surrey Heath","LADU","8.6"
2021,"Sutton","LADU","2.6"
2021,"Swansea","LADU","14"
2021,"Tandridge","LADU","4"
2021,"Teignbridge","LADU","5.8"
2021,"Telford and Wrekin","LADU","13.9"
2021,"Test Valley","LADU","12.8"
2021,"Tewkesbury","LADU","6.6"
2021,"Thanet","LADU","5.3"
2021,"Three Rivers","LADU","5"
2021,"Tonbridge and Malling","LADU","11.1"
2021,"Torbay","LADU","6.6"
2021,"Trafford","LADU","12.5"
2021,"Tunbridge Wells","LADU","9.1"
2021,"Uttlesford","LADU","5"
2021,"Vale of Glamorgan","LADU","2.5"
2021,"Vale of White Horse","LADU","13.8"
2021,"Wakefield","LADU","26.5"
2021,"Walsall","LADU","10.3"
2021,"Waltham Forest","LADU","3.9"
2021,"Wandsworth","LADU","6.2"
2021,"Warrington","LADU","27.3"
2021,"Warwick","LADU","15.2"
2021,"Watford","LADU","15.1"
2021,"Waverley","LADU","9.9"
2021,"Wealden","LADU","12.3"
2021,"Welwyn Hatfield","LADU","13.9"
2021,"West Berkshire","LADU","16.1"
2021,"West Devon","LADU","4.3"
2021,"West Dunbartonshire","LADU","2.4"
2021,"West Lancashire","LADU","6.2"
2021,"West Lindsey","LADU","4.5"
2021,"West Lothian","LADU","13.6"
2021,"West Northamptonshire","LADU","45.4"
2021,"West Oxfordshire","LADU","14.3"
2021,"West Suffolk","LADU","15.2"
2021,"Westminster","LADU","16.8"
2021,"Wigan","LADU","13.4"
2021,"Wiltshire","LADU","52.5"
2021,"Winchester","LADU","11.4"
2021,"Windsor and Maidenhead","LADU","15.2"
2021,"Wirral","LADU","12.2"
2021,"Woking","LADU","12"
2021,"Wokingham","LADU","7.8"
2021,"Wolverhampton","LADU","14.8"
2021,"Worcester","LADU","11.5"
2021,"Worthing","LADU","7.6"
2021,"Wrexham","LADU","9.8"
2021,"Wychavon","LADU","6.9"
2021,"Wyre Forest","LADU","5.8"
2021,"York","LADU","10.3"
2022,"Aberdeen City","LADU","26.9"
2022,"Aberdeenshire","LADU","18.3"
2022,"Adur","LADU","7.8"
2022,"Amber Valley","LADU","13"
2022,"Angus","LADU","7.9"
2022,"Ards and North Down","LADU","2"
2022,"Argyll and Bute","LADU","7.3"
2022,"Armagh City, Banbridge and Craigavon","LADU","3.5"
2022,"Arun","LADU","14.3"
2022,"Ashfield","LADU","8"
2022,"Ashford","LADU","14.9"
2022,"Babergh","LADU","5.6"
2022,"Barking and Dagenham","LADU","12.8"
2022,"Barnet","LADU","23.6"
2022,"Barnsley","LADU","16.2"
2022,"Barrow-in-Furness","LADU","4.6"
2022,"Basildon","LADU","22.3"
2022,"Basingstoke and Deane","LADU","36.4"
2022,"Bassetlaw","LADU","12.4"
2022,"Bath and North East Somerset","LADU","27.9"
2022,"Bedford","LADU","32.2"
2022,"Belfast","LADU","49.3"
2022,"Bexley","LADU","16.9"
2022,"Birmingham","LADU","213.1"
2022,"Blaby","LADU","6.1"
2022,"Blackburn with Darwen","LADU","19.6"
2022,"Blackpool","LADU","11.3"
2022,"Blaenau Gwent","LADU","10.3"
2022,"Bolton","LADU","23.3"
2022,"Boston","LADU","4.6"
2022,"Bournemouth, Christchurch and Poole","LADU","56.3"
2022,"Bracknell Forest","LADU","20.9"
2022,"Bradford","LADU","42.3"
2022,"Braintree","LADU","15.5"
2022,"Breckland","LADU","12.5"
2022,"Brent","LADU","16.8"
2022,"Brentwood","LADU","9.4"
2022,"Bridgend","LADU","8.9"
2022,"Brighton and Hove","LADU","36.5"
2022,"Bristol, City of","LADU","189.1"
2022,"Bromley","LADU","32.7"
2022,"Bromsgrove","LADU","9.5"
2022,"Broxbourne","LADU","10.8"
2022,"Broxtowe","LADU","3.4"
2022,"Buckinghamshire","LADU","113"
2022,"Burnley","LADU","11.9"
2022,"Bury","LADU","14.3"
2022,"Caerphilly","LADU","10.5"
2022,"Calderdale","LADU","16.6"
2022,"Cambridge","LADU","60.9"
2022,"Camden","LADU","24.8"
2022,"Cannock Chase","LADU","10.2"
2022,"Canterbury","LADU","16.7"
2022,"Cardiff","LADU","64.5"
2022,"Carlisle","LADU","12"
2022,"Carmarthenshire","LADU","11.2"
2022,"Castle Point","LADU","2.6"
2022,"Causeway Coast and Glens","LADU","1.3"
2022,"Central Bedfordshire","LADU","44"
2022,"Charnwood","LADU","18.7"
2022,"Chelmsford","LADU","31.2"
2022,"Cheltenham","LADU","32.2"
2022,"Cherwell","LADU","34.6"
2022,"Cheshire East","LADU","60.9"
2022,"Cheshire West and Chester","LADU","53.7"
2022,"Chesterfield","LADU","14.7"
2022,"Chichester","LADU","18.2"
2022,"Chorley","LADU","7.7"
2022,"City of Edinburgh","LADU","89.8"
2022,"City of London","LADU","277.1"
2022,"Clackmannanshire","LADU","3.8"
2022,"Colchester","LADU","27.3"
2022,"Conwy","LADU","9.5"
2022,"Copeland","LADU","7.8"
2022,"Cornwall","LADU","59.4"
2022,"Cotswold","LADU","14.2"
2022,"County Durham","LADU","55.2"
2022,"Coventry","LADU","42.2"
2022,"Craven","LADU","5.1"
2022,"Crawley","LADU","36.8"
2022,"Croydon","LADU","42.1"
2022,"Dacorum","LADU","26.3"
2022,"Darlington","LADU","12.9"
2022,"Dartford","LADU","22.2"
2022,"Denbighshire","LADU","7.9"
2022,"Derby","LADU","43"
2022,"Derbyshire Dales","LADU","8.8"
2022,"Derry City and Strabane","LADU","1.8"
2022,"Doncaster","LADU","31.1"
2022,"Dorset","LADU","51.4"
2022,"Dover","LADU","10.4"
2022,"Dudley","LADU","23.6"
2022,"Dumfries and Galloway","LADU","10.9"
2022,"Dundee City","LADU","12.6"
2022,"Ealing","LADU","21"
2022,"East Cambridgeshire","LADU","15.3"
2022,"East Devon","LADU","14.5"
2022,"East Hampshire","LADU","12.3"
2022,"East Hertfordshire","LADU","29.2"
2022,"East Lindsey","LADU","9.7"
2022,"East Lothian","LADU","9.4"
2022,"East Staffordshire","LADU","17.1"
2022,"East Suffolk","LADU","21"
2022,"Eastbourne","LADU","11.2"
2022,"Eastleigh","LADU","11.3"
2022,"Eden","LADU","5.4"
2022,"Elmbridge","LADU","25"
2022,"Enfield","LADU","20.7"
2022,"Epping Forest","LADU","15"
2022,"Epsom and Ewell","LADU","13.1"
2022,"Erewash","LADU","7"
2022,"Exeter","LADU","42.2"
2022,"Falkirk","LADU","10.8"
2022,"Fareham","LADU","17.3"
2022,"Fenland","LADU","11.4"
2022,"Fife","LADU","24.1"
2022,"Flintshire","LADU","12.6"
2022,"Folkestone and Hythe","LADU","10"
2022,"Forest of Dean","LADU","5.1"
2022,"Fylde","LADU","8.4"
2022,"Gateshead","LADU","18.8"
2022,"Gedling","LADU","5.1"
2022,"Glasgow City","LADU","95.9"
2022,"Gloucester","LADU","30"
2022,"Gosport","LADU","4.9"
2022,"Gravesham","LADU","9.6"
2022,"Great Yarmouth","LADU","7.2"
2022,"Greenwich","LADU","8.9"
2022,"Guildford","LADU","41.3"
2022,"Hackney","LADU","10.8"
2022,"Halton","LADU","15.2"
2022,"Hambleton","LADU","9"
2022,"Harborough","LADU","14.9"
2022,"Haringey","LADU","7.6"
2022,"Harlow","LADU","12.1"
2022,"Harrogate","LADU","25.4"
2022,"Harrow","LADU","14.6"
2022,"Hart","LADU","8.9"
2022,"Hartlepool","LADU","4.6"
2022,"Hastings","LADU","6.1"
2022,"Havant","LADU","12.1"
2022,"Havering","LADU","13.7"
2022,"Herefordshire, County of","LADU","26.5"
2022,"Hertsmere","LADU","18"
2022,"Highland","LADU","26.7"
2022,"Hillingdon","LADU","33.9"
2022,"Horsham","LADU","20.3"
2022,"Hounslow","LADU","32.5"
2022,"Huntingdonshire","LADU","26.7"
2022,"Hyndburn","LADU","7.8"
2022,"Ipswich","LADU","32.6"
2022,"Isle of Wight","LADU","10.9"
2022,"Islington","LADU","38.2"
2022,"Kensington and Chelsea","LADU","16.4"
2022,"King's Lynn and West Norfolk","LADU","12.1"
2022,"Kingston upon Hull, City of","LADU","19.3"
2022,"Kingston upon Thames","LADU","15.9"
2022,"Kirklees","LADU","32.4"
2022,"Lancaster","LADU","19.6"
2022,"Leeds","LADU","170.2"
2022,"Leicester","LADU","60.6"
2022,"Lewes","LADU","20.2"
2022,"Lichfield","LADU","13.4"
2022,"Lincoln","LADU","15.1"
2022,"Liverpool","LADU","89.8"
2022,"Luton","LADU","21.7"
2022,"Maidstone","LADU","30.6"
2022,"Maldon","LADU","4.1"
2022,"Malvern Hills","LADU","11.9"
2022,"Manchester","LADU","312.4"
2022,"Mansfield","LADU","11.6"
2022,"Medway","LADU","24.5"
2022,"Melton","LADU","6.1"
2022,"Mendip","LADU","21.6"
2022,"Merthyr Tydfil","LADU","2.9"
2022,"Merton","LADU","11.9"
2022,"Mid Devon","LADU","8.3"
2022,"Mid Suffolk","LADU","7.3"
2022,"Mid Sussex","LADU","21.6"
2022,"Mid Ulster","LADU","2.9"
2022,"Middlesbrough","LADU","11.8"
2022,"Midlothian","LADU","22.1"
2022,"Milton Keynes","LADU","79.6"
2022,"Mole Valley","LADU","18.6"
2022,"Monmouthshire","LADU","8.1"
2022,"Moray","LADU","6.9"
2022,"Neath Port Talbot","LADU","6.3"
2022,"New Forest","LADU","18.8"
2022,"Newark and Sherwood","LADU","11.4"
2022,"Newcastle-under-Lyme","LADU","9.7"
2022,"Newcastle upon Tyne","LADU","63.1"
2022,"Newham","LADU","18.3"
2022,"Newport","LADU","26.3"
2022,"North Ayrshire","LADU","6.3"
2022,"North Devon","LADU","15.1"
2022,"North East Lincolnshire","LADU","11"
2022,"North Hertfordshire","LADU","20.4"
2022,"North Kesteven","LADU","6.6"
2022,"North Lanarkshire","LADU","16.4"
2022,"North Lincolnshire","LADU","12.5"
2022,"North Northamptonshire","LADU","50.4"
2022,"North Somerset","LADU","23.7"
2022,"North Tyneside","LADU","10.5"
2022,"North West Leicestershire","LADU","13.4"
2022,"Northumberland","LADU","33.2"
2022,"Norwich","LADU","44.1"
2022,"Nottingham","LADU","80.3"
2022,"Nuneaton and Bedworth","LADU","13.2"
2022,"Oldham","LADU","16.9"
2022,"Oxford","LADU","57.6"
2022,"Pembrokeshire","LADU","8.7"
2022,"Perth and Kinross","LADU","13.6"
2022,"Peterborough","LADU","44.8"
2022,"Plymouth","LADU","31.2"
2022,"Portsmouth","LADU","30.6"
2022,"Powys","LADU","15"
2022,"Preston","LADU","38.1"
2022,"Reading","LADU","81"
2022,"Redbridge","LADU","11.3"
2022,"Redcar and Cleveland","LADU","4.7"
2022,"Redditch","LADU","11.7"
2022,"Reigate and Banstead","LADU","23.1"
2022,"Renfrewshire","LADU","13.2"
2022,"Rhondda Cynon Taf","LADU","9.5"
2022,"Ribble Valley","LADU","3.2"
2022,"Richmond upon Thames","LADU","26.7"
2022,"Richmondshire","LADU","4"
2022,"Rochdale","LADU","18.2"
2022,"Rochford","LADU","5.1"
2022,"Rossendale","LADU","4.6"
2022,"Rother","LADU","8.7"
2022,"Rotherham","LADU","22.3"
2022,"Rugby","LADU","18.9"
2022,"Runnymede","LADU","15.3"
2022,"Rushcliffe","LADU","5.1"
2022,"Rushmoor","LADU","15.1"
2022,"Rutland","LADU","5.4"
2022,"Salford","LADU","17.5"
2022,"Sandwell","LADU","22.8"
2022,"Scarborough","LADU","8.4"
2022,"Scottish Borders","LADU","7.9"
2022,"Sedgemoor","LADU","20.3"
2022,"Sefton","LADU","14.6"
2022,"Selby","LADU","6.6"
2022,"Sevenoaks","LADU","17.8"
2022,"Sheffield","LADU","64"
2022,"Shropshire","LADU","44.6"
2022,"Slough","LADU","35.1"
2022,"Solihull","LADU","24.6"
2022,"Somerset West and Taunton","LADU","26.3"
2022,"South Ayrshire","LADU","6.2"
2022,"South Cambridgeshire","LADU","13.9"
2022,"South Derbyshire","LADU","8.6"
2022,"South Gloucestershire","LADU","19.1"
2022,"South Holland","LADU","8.2"
2022,"South Kesteven","LADU","13.2"
2022,"South Lakeland","LADU","11.9"
2022,"South Lanarkshire","LADU","13.4"
2022,"South Norfolk","LADU","9.4"
2022,"South Oxfordshire","LADU","24.1"
2022,"South Ribble","LADU","9"
2022,"South Somerset","LADU","25"
2022,"South Staffordshire","LADU","5"
2022,"South Tyneside","LADU","7.2"
2022,"Southampton","LADU","49"
2022,"Southend-on-Sea","LADU","10.2"
2022,"Southwark","LADU","23.8"
2022,"Spelthorne","LADU","14"
2022,"St Albans","LADU","26.1"
2022,"St. Helens","LADU","13.6"
2022,"Stafford","LADU","17"
2022,"Staffordshire Moorlands","LADU","5.1"
2022,"Stevenage","LADU","19.3"
2022,"Stirling","LADU","8.5"
2022,"Stockport","LADU","33.5"
2022,"Stockton-on-Tees","LADU","14.3"
2022,"Stoke-on-Trent","LADU","29.6"
2022,"Stratford-on-Avon","LADU","19.1"
2022,"Stroud","LADU","57.1"
2022,"Sunderland","LADU","26.6"
2022,"Surrey Heath","LADU","14.9"
2022,"Sutton","LADU","7.6"
2022,"Swansea","LADU","28.4"
2022,"Tandridge","LADU","8.8"
2022,"Teignbridge","LADU","12.2"
2022,"Telford and Wrekin","LADU","25.5"
2022,"Test Valley","LADU","18.2"
2022,"Tewkesbury","LADU","14.3"
2022,"Thanet","LADU","8.6"
2022,"Three Rivers","LADU","12.7"
2022,"Tonbridge and Malling","LADU","20.8"
2022,"Torbay","LADU","9.5"
2022,"Trafford","LADU","25.7"
2022,"Tunbridge Wells","LADU","16.6"
2022,"Uttlesford","LADU","11.4"
2022,"Vale of Glamorgan","LADU","3.9"
2022,"Vale of White Horse","LADU","25.7"
2022,"Wakefield","LADU","41"
2022,"Walsall","LADU","19.9"
2022,"Waltham Forest","LADU","9.9"
2022,"Wandsworth","LADU","18.5"
2022,"Warrington","LADU","54.1"
2022,"Warwick","LADU","34.1"
2022,"Watford","LADU","26.7"
2022,"Waverley","LADU","17.5"
2022,"Wealden","LADU","22.2"
2022,"Welwyn Hatfield","LADU","29.3"
2022,"West Berkshire","LADU","28.4"
2022,"West Devon","LADU","5.9"
2022,"West Dunbartonshire","LADU","5.1"
2022,"West Lancashire","LADU","10.8"
2022,"West Lindsey","LADU","6.3"
2022,"West Lothian","LADU","21.1"
2022,"West Northamptonshire","LADU","73.1"
2022,"West Oxfordshire","LADU","17"
2022,"West Suffolk","LADU","28.9"
2022,"Westminster","LADU","190.8"
2022,"Wigan","LADU","29.2"
2022,"Wiltshire","LADU","76.3"
2022,"Winchester","LADU","25.2"
2022,"Windsor and Maidenhead","LADU","36.6"
2022,"Wirral","LADU","20.7"
2022,"Woking","LADU","24.9"
2022,"Wokingham","LADU","18.8"
2022,"Wolverhampton","LADU","28"
2022,"Worcester","LADU","18.9"
2022,"Worthing","LADU","12"
2022,"Wrexham","LADU","17.2"
2022,"Wychavon","LADU","14.2"
2022,"Wyre Forest","LADU","9.5"
2022,"York","LADU","20.2"
2017,"East Midlands","GOR","441.5"
2017,"East of England","GOR","686.9"
2017,"London","GOR","519.9"
2017,"North East","GOR","167.3"
2017,"North West","GOR","716.7"
2017,"Northern Ireland","GOR","42.6"
2017,"Scotland","GOR","334.8"
2017,"South East","GOR","1291.2"
2017,"South West","GOR","668.6"
2017,"Wales","GOR","173.9"
2017,"West Midlands","GOR","652.7"
2017,"Yorkshire And The Humber","GOR","498.2"
2018,"East Midlands","GOR","423.2"
2018,"East of England","GOR","801.8"
2018,"London","GOR","827.7"
2018,"North East","GOR","169.4"
2018,"North West","GOR","843.8"
2018,"Northern Ireland","GOR","52.5"
2018,"Scotland","GOR","343.3"
2018,"South East","GOR","1454.6"
2018,"South West","GOR","708.7"
2018,"Wales","GOR","190.1"
2018,"West Midlands","GOR","706.9"
2018,"Yorkshire And The Humber","GOR","504.5"
2019,"East Midlands","GOR","372.8"
2019,"East of England","GOR","716"
2019,"London","GOR","663.4"
2019,"North East","GOR","149.9"
2019,"North West","GOR","760.7"
2019,"Northern Ireland","GOR","58.2"
2019,"Scotland","GOR","352.8"
2019,"South East","GOR","1369.4"
2019,"South West","GOR","655.9"
2019,"Wales","GOR","161"
2019,"West Midlands","GOR","582.8"
2019,"Yorkshire And The Humber","GOR","454.8"
2020,"East Midlands","GOR","354.4"
2020,"East of England","GOR","589"
2020,"London","GOR","522.4"
2020,"North East","GOR","124.6"
2020,"North West","GOR","657.5"
2020,"Northern Ireland","GOR","27.1"
2020,"Scotland","GOR","308.7"
2020,"South East","GOR","1161"
2020,"South West","GOR","610.7"
2020,"Wales","GOR","169"
2020,"West Midlands","GOR","468.9"
2020,"Yorkshire And The Humber","GOR","397.1"
2021,"East Midlands","GOR","334.3"
2021,"East of England","GOR","458"
2021,"London","GOR","336.5"
2021,"North East","GOR","129"
2021,"North West","GOR","579.2"
2021,"Northern Ireland","GOR","38.4"
2021,"Scotland","GOR","261.6"
2021,"South East","GOR","822.6"
2021,"South West","GOR","531.8"
2021,"Wales","GOR","159.7"
2021,"West Midlands","GOR","408.3"
2021,"Yorkshire And The Humber","GOR","360.3"
2022,"East Midlands","GOR","536.2"
2022,"East of England","GOR","847.9"
2022,"London","GOR","988.5"
2022,"North East","GOR","246.4"
2022,"North West","GOR","1007.3"
2022,"Northern Ireland","GOR","60.8"
2022,"Scotland","GOR","485.1"
2022,"South East","GOR","1498.5"
2022,"South West","GOR","888.2"
2022,"Wales","GOR","261.7"
2022,"West Midlands","GOR","747.5"
2022,"Yorkshire And The Humber","GOR","574.1"
2017,"Brighton and Hove, East Sussex, West Sussex","LSIP","174"
2017,"Buckinghamshire","LSIP","93.3"
2017,"Cambridgeshire and Peterborough","LSIP","131.5"
2017,"Cheshire and Warrington","LSIP","102.5"
2017,"Cornwall and the Isles of Scilly","LSIP","41.8"
2017,"Cumbria","LSIP","24.4"
2017,"Derbyshire and Nottinghamshire","LSIP","194.9"
2017,"Dorset","LSIP","200.4"
2017,"Enterprise M3 LEP (including all of Surrey)","LSIP","210.4"
2017,"Essex, Southend-on-Sea and Thurrock","LSIP","162.5"
2017,"Gloucestershire","LSIP","117.7"
2017,"Greater Lincolnshire","LSIP","70.5"
2017,"Greater London","LSIP","524.9"
2017,"Greater Manchester","LSIP","376.9"
2017,"Heart of the South-West","LSIP","144.8"
2017,"Hertfordshire","LSIP","175.2"
2017,"Hull and East Yorkshire","LSIP","17.1"
2017,"Kent and Medway","LSIP","172.6"
2017,"Lancashire","LSIP","105.3"
2017,"Leicester and Leicestershire","LSIP","86.5"
2017,"Liverpool City Region","LSIP","107.6"
2017,"Norfolk and Suffolk","LSIP","133.3"
2017,"North East","LSIP","59.8"
2017,"North of Tyne","LSIP","87.6"
2017,"Oxfordshire","LSIP","123.5"
2017,"Solent","LSIP","141"
2017,"South East Midlands","LSIP","267.3"
2017,"South Yorkshire","LSIP","127.9"
2017,"Stoke-on-Trent and Staffordshire","LSIP","81.4"
2017,"Swindon and Wiltshire","LSIP","69.9"
2017,"Tees Valley","LSIP","34.5"
2017,"Thames Valley Berkshire","LSIP","198.9"
2017,"The Marches","LSIP","69.2"
2017,"West Midlands and Warwickshire","LSIP","440.7"
2017,"West of England and North Somerset","LSIP","196.3"
2017,"West Yorkshire","LSIP","262.1"
2017,"Worcestershire","LSIP","57.3"
2017,"York and North Yorkshire","LSIP","57.5"
2018,"Brighton and Hove, East Sussex, West Sussex","LSIP","215.2"
2018,"Buckinghamshire","LSIP","109.7"
2018,"Cambridgeshire and Peterborough","LSIP","184.7"
2018,"Cheshire and Warrington","LSIP","147.3"
2018,"Cornwall and the Isles of Scilly","LSIP","47.2"
2018,"Cumbria","LSIP","26.4"
2018,"Derbyshire and Nottinghamshire","LSIP","193.1"
2018,"Dorset","LSIP","231.8"
2018,"Enterprise M3 LEP (including all of Surrey)","LSIP","232.9"
2018,"Essex, Southend-on-Sea and Thurrock","LSIP","176.2"
2018,"Gloucestershire","LSIP","99.2"
2018,"Greater Lincolnshire","LSIP","85.3"
2018,"Greater London","LSIP","835.4"
2018,"Greater Manchester","LSIP","438.4"
2018,"Heart of the South-West","LSIP","169.6"
2018,"Hertfordshire","LSIP","197.8"
2018,"Hull and East Yorkshire","LSIP","17.5"
2018,"Kent and Medway","LSIP","201.2"
2018,"Lancashire","LSIP","117.5"
2018,"Leicester and Leicestershire","LSIP","88.6"
2018,"Liverpool City Region","LSIP","114.2"
2018,"Norfolk and Suffolk","LSIP","145.6"
2018,"North East","LSIP","72"
2018,"North of Tyne","LSIP","78"
2018,"Oxfordshire","LSIP","126.7"
2018,"Solent","LSIP","149.6"
2018,"South East Midlands","LSIP","267.1"
2018,"South Yorkshire","LSIP","117.7"
2018,"Stoke-on-Trent and Staffordshire","LSIP","82.6"
2018,"Swindon and Wiltshire","LSIP","85.2"
2018,"Tees Valley","LSIP","34.9"
2018,"Thames Valley Berkshire","LSIP","221.1"
2018,"The Marches","LSIP","80.3"
2018,"West Midlands and Warwickshire","LSIP","467.3"
2018,"West of England and North Somerset","LSIP","193.9"
2018,"West Yorkshire","LSIP","263.4"
2018,"Worcestershire","LSIP","64"
2018,"York and North Yorkshire","LSIP","62"
2019,"Brighton and Hove, East Sussex, West Sussex","LSIP","201.6"
2019,"Buckinghamshire","LSIP","102.2"
2019,"Cambridgeshire and Peterborough","LSIP","158.2"
2019,"Cheshire and Warrington","LSIP","119.7"
2019,"Cornwall and the Isles of Scilly","LSIP","36.6"
2019,"Cumbria","LSIP","24.2"
2019,"Derbyshire and Nottinghamshire","LSIP","169.4"
2019,"Dorset","LSIP","205"
2019,"Enterprise M3 LEP (including all of Surrey)","LSIP","227.2"
2019,"Essex, Southend-on-Sea and Thurrock","LSIP","159.3"
2019,"Gloucestershire","LSIP","85.3"
2019,"Greater Lincolnshire","LSIP","73.1"
2019,"Greater London","LSIP","669.8"
2019,"Greater Manchester","LSIP","405.5"
2019,"Heart of the South-West","LSIP","149.4"
2019,"Hertfordshire","LSIP","189.1"
2019,"Hull and East Yorkshire","LSIP","14.5"
2019,"Kent and Medway","LSIP","196"
2019,"Lancashire","LSIP","103.8"
2019,"Leicester and Leicestershire","LSIP","76.2"
2019,"Liverpool City Region","LSIP","107.5"
2019,"Norfolk and Suffolk","LSIP","128.7"
2019,"North East","LSIP","62"
2019,"North of Tyne","LSIP","68.6"
2019,"Oxfordshire","LSIP","120.8"
2019,"Solent","LSIP","138.7"
2019,"South East Midlands","LSIP","231"
2019,"South Yorkshire","LSIP","105.8"
2019,"Stoke-on-Trent and Staffordshire","LSIP","72.5"
2019,"Swindon and Wiltshire","LSIP","70.8"
2019,"Tees Valley","LSIP","30.7"
2019,"Thames Valley Berkshire","LSIP","206"
2019,"The Marches","LSIP","64"
2019,"West Midlands and Warwickshire","LSIP","381.6"
2019,"West of England and North Somerset","LSIP","216"
2019,"West Yorkshire","LSIP","244.4"
2019,"Worcestershire","LSIP","54.4"
2019,"York and North Yorkshire","LSIP","56.1"
2020,"Brighton and Hove, East Sussex, West Sussex","LSIP","177.7"
2020,"Buckinghamshire","LSIP","91.5"
2020,"Cambridgeshire and Peterborough","LSIP","117.6"
2020,"Cheshire and Warrington","LSIP","98.1"
2020,"Cornwall and the Isles of Scilly","LSIP","33.7"
2020,"Cumbria","LSIP","23.3"
2020,"Derbyshire and Nottinghamshire","LSIP","153.8"
2020,"Dorset","LSIP","184.6"
2020,"Enterprise M3 LEP (including all of Surrey)","LSIP","184.5"
2020,"Essex, Southend-on-Sea and Thurrock","LSIP","135.7"
2020,"Gloucestershire","LSIP","99.2"
2020,"Greater Lincolnshire","LSIP","58.9"
2020,"Greater London","LSIP","526.9"
2020,"Greater Manchester","LSIP","347.3"
2020,"Heart of the South-West","LSIP","138"
2020,"Hertfordshire","LSIP","160.9"
2020,"Hull and East Yorkshire","LSIP","13.8"
2020,"Kent and Medway","LSIP","134.5"
2020,"Lancashire","LSIP","98.2"
2020,"Leicester and Leicestershire","LSIP","71.9"
2020,"Liverpool City Region","LSIP","90.6"
2020,"Norfolk and Suffolk","LSIP","109.2"
2020,"North East","LSIP","49.7"
2020,"North of Tyne","LSIP","58.8"
2020,"Oxfordshire","LSIP","117.7"
2020,"Solent","LSIP","123.4"
2020,"South East Midlands","LSIP","208.3"
2020,"South Yorkshire","LSIP","87"
2020,"Stoke-on-Trent and Staffordshire","LSIP","60.9"
2020,"Swindon and Wiltshire","LSIP","65.8"
2020,"Tees Valley","LSIP","26.4"
2020,"Thames Valley Berkshire","LSIP","174.5"
2020,"The Marches","LSIP","60"
2020,"West Midlands and Warwickshire","LSIP","298.5"
2020,"West of England and North Somerset","LSIP","187.4"
2020,"West Yorkshire","LSIP","216.5"
2020,"Worcestershire","LSIP","45.1"
2020,"York and North Yorkshire","LSIP","55.7"
2021,"Brighton and Hove, East Sussex, West Sussex","LSIP","121.6"
2021,"Buckinghamshire","LSIP","61.5"
2021,"Cambridgeshire and Peterborough","LSIP","86.3"
2021,"Cheshire and Warrington","LSIP","91.7"
2021,"Cornwall and the Isles of Scilly","LSIP","41.8"
2021,"Cumbria","LSIP","26.8"
2021,"Derbyshire and Nottinghamshire","LSIP","150.4"
2021,"Dorset","LSIP","128.4"
2021,"Enterprise M3 LEP (including all of Surrey)","LSIP","114"
2021,"Essex, Southend-on-Sea and Thurrock","LSIP","100.5"
2021,"Gloucestershire","LSIP","94.2"
2021,"Greater Lincolnshire","LSIP","66.3"
2021,"Greater London","LSIP","339.6"
2021,"Greater Manchester","LSIP","283.8"
2021,"Heart of the South-West","LSIP","133"
2021,"Hertfordshire","LSIP","111.9"
2021,"Hull and East Yorkshire","LSIP","13.3"
2021,"Kent and Medway","LSIP","123.5"
2021,"Lancashire","LSIP","91.5"
2021,"Leicester and Leicestershire","LSIP","64.4"
2021,"Liverpool City Region","LSIP","85.4"
2021,"Norfolk and Suffolk","LSIP","111.6"
2021,"North East","LSIP","55.7"
2021,"North of Tyne","LSIP","53.3"
2021,"Oxfordshire","LSIP","86.5"
2021,"Solent","LSIP","100.6"
2021,"South East Midlands","LSIP","158.9"
2021,"South Yorkshire","LSIP","83.5"
2021,"Stoke-on-Trent and Staffordshire","LSIP","69.7"
2021,"Swindon and Wiltshire","LSIP","52.5"
2021,"Tees Valley","LSIP","32.1"
2021,"Thames Valley Berkshire","LSIP","112.2"
2021,"The Marches","LSIP","58.1"
2021,"West Midlands and Warwickshire","LSIP","237.6"
2021,"West of England and North Somerset","LSIP","145.9"
2021,"West Yorkshire","LSIP","188.2"
2021,"Worcestershire","LSIP","37.5"
2021,"York and North Yorkshire","LSIP","46.2"
2022,"Brighton and Hove, East Sussex, West Sussex","LSIP","235.9"
2022,"Buckinghamshire","LSIP","113"
2022,"Cambridgeshire and Peterborough","LSIP","173"
2022,"Cheshire and Warrington","LSIP","168.7"
2022,"Cornwall and the Isles of Scilly","LSIP","59.4"
2022,"Cumbria","LSIP","41.7"
2022,"Derbyshire and Nottinghamshire","LSIP","232.4"
2022,"Dorset","LSIP","223.8"
2022,"Enterprise M3 LEP (including all of Surrey)","LSIP","216.5"
2022,"Essex, Southend-on-Sea and Thurrock","LSIP","166.2"
2022,"Gloucestershire","LSIP","152.9"
2022,"Greater Lincolnshire","LSIP","92.6"
2022,"Greater London","LSIP","999.8"
2022,"Greater Manchester","LSIP","491"
2022,"Heart of the South-West","LSIP","232.1"
2022,"Hertfordshire","LSIP","218.8"
2022,"Hull and East Yorkshire","LSIP","19.3"
2022,"Kent and Medway","LSIP","202.7"
2022,"Lancashire","LSIP","152"
2022,"Leicester and Leicestershire","LSIP","119.8"
2022,"Liverpool City Region","LSIP","153.9"
2022,"Norfolk and Suffolk","LSIP","180.7"
2022,"North East","LSIP","107.8"
2022,"North of Tyne","LSIP","106.8"
2022,"Oxfordshire","LSIP","159"
2022,"Solent","LSIP","154.9"
2022,"South East Midlands","LSIP","301"
2022,"South Yorkshire","LSIP","133.6"
2022,"Stoke-on-Trent and Staffordshire","LSIP","107.1"
2022,"Swindon and Wiltshire","LSIP","76.3"
2022,"Tees Valley","LSIP","48.3"
2022,"Thames Valley Berkshire","LSIP","220.8"
2022,"The Marches","LSIP","96.6"
2022,"West Midlands and Warwickshire","LSIP","459.5"
2022,"West of England and North Somerset","LSIP","259.8"
2022,"West Yorkshire","LSIP","302.5"
2022,"Worcestershire","LSIP","75.7"
2022,"York and North Yorkshire","LSIP","78.7"
2017,"Black Country","LEP","83.7"
2017,"Buckinghamshire","LEP","93.3"
2017,"Cheshire and Warrington","LEP","102.5"
2017,"Coast to Capital","LEP","192.5"
2017,"Cornwall and Isles of Scilly","LEP","41.8"
2017,"Coventry and Warwickshire","LEP","120.4"
2017,"Cumbria","LEP","24.4"
2017,"Derby, Derbyshire, Nottingham and Nottinghamshire","LEP","194.9"
2017,"Dorset","LEP","98.1"
2017,"Enterprise M3","LEP","253.8"
2017,"Gloucestershire","LEP","117.7"
2017,"Greater Birmingham and Solihull","LEP","288.3"
2017,"Greater Cambridge and Greater Peterborough","LEP","131.5"
2017,"Greater Lincolnshire","LEP","70.5"
2017,"Greater Manchester","LEP","376.9"
2017,"Heart of the South West","LEP","144.8"
2017,"Hertfordshire","LEP","175.2"
2017,"Hull and East Yorkshire","LEP","17.1"
2017,"Lancashire","LEP","105.3"
2017,"Leeds City Region","LEP","262.1"
2017,"Leicester and Leicestershire","LEP","86.5"
2017,"Liverpool City Region","LEP","107.6"
2017,"London","LEP","524.9"
2017,"New Anglia","LEP","133.3"
2017,"North East","LEP","147.4"
2017,"Oxfordshire","LEP","123.5"
2017,"Sheffield City Region","LEP","127.9"
2017,"Solent","LEP","141"
2017,"South East","LEP","375.5"
2017,"South East Midlands","LEP","267.3"
2017,"Stoke-on-Trent and Staffordshire","LEP","81.4"
2017,"Swindon and Wiltshire","LEP","69.9"
2017,"Tees Valley","LEP","34.5"
2017,"Thames Valley Berkshire","LEP","198.9"
2017,"The Marches","LEP","69.2"
2017,"West of England","LEP","196.3"
2017,"Worcestershire","LEP","57.3"
2017,"York and North Yorkshire","LEP","57.5"
2018,"Black Country","LEP","83.1"
2018,"Buckinghamshire","LEP","109.7"
2018,"Cheshire and Warrington","LEP","147.3"
2018,"Coast to Capital","LEP","231"
2018,"Cornwall and Isles of Scilly","LEP","47.2"
2018,"Coventry and Warwickshire","LEP","141.7"
2018,"Cumbria","LEP","26.4"
2018,"Derby, Derbyshire, Nottingham and Nottinghamshire","LEP","193.1"
2018,"Dorset","LEP","113.6"
2018,"Enterprise M3","LEP","289.5"
2018,"Gloucestershire","LEP","99.2"
2018,"Greater Birmingham and Solihull","LEP","301.4"
2018,"Greater Cambridge and Greater Peterborough","LEP","184.7"
2018,"Greater Lincolnshire","LEP","85.3"
2018,"Greater Manchester","LEP","438.4"
2018,"Heart of the South West","LEP","169.6"
2018,"Hertfordshire","LEP","197.8"
2018,"Hull and East Yorkshire","LEP","17.5"
2018,"Lancashire","LEP","117.5"
2018,"Leeds City Region","LEP","263.4"
2018,"Leicester and Leicestershire","LEP","88.6"
2018,"Liverpool City Region","LEP","114.2"
2018,"London","LEP","835.4"
2018,"New Anglia","LEP","145.6"
2018,"North East","LEP","150"
2018,"Oxfordshire","LEP","126.7"
2018,"Sheffield City Region","LEP","117.7"
2018,"Solent","LEP","149.6"
2018,"South East","LEP","423.2"
2018,"South East Midlands","LEP","267.1"
2018,"Stoke-on-Trent and Staffordshire","LEP","82.6"
2018,"Swindon and Wiltshire","LEP","85.2"
2018,"Tees Valley","LEP","34.9"
2018,"Thames Valley Berkshire","LEP","221.1"
2018,"The Marches","LEP","80.3"
2018,"West of England","LEP","193.9"
2018,"Worcestershire","LEP","64"
2018,"York and North Yorkshire","LEP","62"
2019,"Black Country","LEP","64.1"
2019,"Buckinghamshire","LEP","102.2"
2019,"Cheshire and Warrington","LEP","119.7"
2019,"Coast to Capital","LEP","224.1"
2019,"Cornwall and Isles of Scilly","LEP","36.6"
2019,"Coventry and Warwickshire","LEP","108.3"
2019,"Cumbria","LEP","24.2"
2019,"Derby, Derbyshire, Nottingham and Nottinghamshire","LEP","169.4"
2019,"Dorset","LEP","97.8"
2019,"Enterprise M3","LEP","270"
2019,"Gloucestershire","LEP","85.3"
2019,"Greater Birmingham and Solihull","LEP","257.7"
2019,"Greater Cambridge and Greater Peterborough","LEP","158.2"
2019,"Greater Lincolnshire","LEP","73.1"
2019,"Greater Manchester","LEP","405.5"
2019,"Heart of the South West","LEP","149.4"
2019,"Hertfordshire","LEP","189.1"
2019,"Hull and East Yorkshire","LEP","14.5"
2019,"Lancashire","LEP","103.8"
2019,"Leeds City Region","LEP","244.4"
2019,"Leicester and Leicestershire","LEP","76.2"
2019,"Liverpool City Region","LEP","107.5"
2019,"London","LEP","669.8"
2019,"New Anglia","LEP","128.7"
2019,"North East","LEP","130.6"
2019,"Oxfordshire","LEP","120.8"
2019,"Sheffield City Region","LEP","105.8"
2019,"Solent","LEP","138.7"
2019,"South East","LEP","397.2"
2019,"South East Midlands","LEP","231"
2019,"Stoke-on-Trent and Staffordshire","LEP","72.5"
2019,"Swindon and Wiltshire","LEP","70.8"
2019,"Tees Valley","LEP","30.7"
2019,"Thames Valley Berkshire","LEP","206"
2019,"The Marches","LEP","64"
2019,"West of England","LEP","216"
2019,"Worcestershire","LEP","54.4"
2019,"York and North Yorkshire","LEP","56.1"
2020,"Black Country","LEP","52.9"
2020,"Buckinghamshire","LEP","91.5"
2020,"Cheshire and Warrington","LEP","98.1"
2020,"Coast to Capital","LEP","190.5"
2020,"Cornwall and Isles of Scilly","LEP","33.7"
2020,"Coventry and Warwickshire","LEP","86.9"
2020,"Cumbria","LEP","23.3"
2020,"Derby, Derbyshire, Nottingham and Nottinghamshire","LEP","153.8"
2020,"Dorset","LEP","86.6"
2020,"Enterprise M3","LEP","226.2"
2020,"Gloucestershire","LEP","99.2"
2020,"Greater Birmingham and Solihull","LEP","198.8"
2020,"Greater Cambridge and Greater Peterborough","LEP","117.6"
2020,"Greater Lincolnshire","LEP","58.9"
2020,"Greater Manchester","LEP","347.3"
2020,"Heart of the South West","LEP","138"
2020,"Hertfordshire","LEP","160.9"
2020,"Hull and East Yorkshire","LEP","13.8"
2020,"Lancashire","LEP","98.2"
2020,"Leeds City Region","LEP","216.5"
2020,"Leicester and Leicestershire","LEP","71.9"
2020,"Liverpool City Region","LEP","90.6"
2020,"London","LEP","526.9"
2020,"New Anglia","LEP","109.2"
2020,"North East","LEP","108.5"
2020,"Oxfordshire","LEP","117.7"
2020,"Sheffield City Region","LEP","87"
2020,"Solent","LEP","123.4"
2020,"South East","LEP","313.7"
2020,"South East Midlands","LEP","208.3"
2020,"Stoke-on-Trent and Staffordshire","LEP","60.9"
2020,"Swindon and Wiltshire","LEP","65.8"
2020,"Tees Valley","LEP","26.4"
2020,"Thames Valley Berkshire","LEP","174.5"
2020,"The Marches","LEP","60"
2020,"West of England","LEP","187.4"
2020,"Worcestershire","LEP","45.1"
2020,"York and North Yorkshire","LEP","55.7"
2021,"Black Country","LEP","48.8"
2021,"Buckinghamshire","LEP","61.5"
2021,"Cheshire and Warrington","LEP","91.7"
2021,"Coast to Capital","LEP","119.6"
2021,"Cornwall and Isles of Scilly","LEP","41.8"
2021,"Coventry and Warwickshire","LEP","68.7"
2021,"Cumbria","LEP","26.8"
2021,"Derby, Derbyshire, Nottingham and Nottinghamshire","LEP","150.4"
2021,"Dorset","LEP","64.4"
2021,"Enterprise M3","LEP","145.7"
2021,"Gloucestershire","LEP","94.2"
2021,"Greater Birmingham and Solihull","LEP","157.5"
2021,"Greater Cambridge and Greater Peterborough","LEP","86.3"
2021,"Greater Lincolnshire","LEP","66.3"
2021,"Greater Manchester","LEP","283.8"
2021,"Heart of the South West","LEP","133"
2021,"Hertfordshire","LEP","111.9"
2021,"Hull and East Yorkshire","LEP","13.3"
2021,"Lancashire","LEP","91.5"
2021,"Leeds City Region","LEP","188.2"
2021,"Leicester and Leicestershire","LEP","64.4"
2021,"Liverpool City Region","LEP","85.4"
2021,"London","LEP","339.6"
2021,"New Anglia","LEP","111.6"
2021,"North East","LEP","109"
2021,"Oxfordshire","LEP","86.5"
2021,"Sheffield City Region","LEP","83.5"
2021,"Solent","LEP","100.6"
2021,"South East","LEP","258.3"
2021,"South East Midlands","LEP","158.9"
2021,"Stoke-on-Trent and Staffordshire","LEP","69.7"
2021,"Swindon and Wiltshire","LEP","52.5"
2021,"Tees Valley","LEP","32.1"
2021,"Thames Valley Berkshire","LEP","112.2"
2021,"The Marches","LEP","58.1"
2021,"West of England","LEP","145.9"
2021,"Worcestershire","LEP","37.5"
2021,"York and North Yorkshire","LEP","46.2"
2022,"Black Country","LEP","94.3"
2022,"Buckinghamshire","LEP","113"
2022,"Cheshire and Warrington","LEP","168.7"
2022,"Coast to Capital","LEP","231.1"
2022,"Cornwall and Isles of Scilly","LEP","59.4"
2022,"Coventry and Warwickshire","LEP","127.5"
2022,"Cumbria","LEP","41.7"
2022,"Derby, Derbyshire, Nottingham and Nottinghamshire","LEP","232.4"
2022,"Dorset","LEP","107.7"
2022,"Enterprise M3","LEP","269"
2022,"Gloucestershire","LEP","152.9"
2022,"Greater Birmingham and Solihull","LEP","309.1"
2022,"Greater Cambridge and Greater Peterborough","LEP","173"
2022,"Greater Lincolnshire","LEP","92.6"
2022,"Greater Manchester","LEP","491"
2022,"Heart of the South West","LEP","232.1"
2022,"Hertfordshire","LEP","218.8"
2022,"Hull and East Yorkshire","LEP","19.3"
2022,"Lancashire","LEP","152"
2022,"Leeds City Region","LEP","302.5"
2022,"Leicester and Leicestershire","LEP","119.8"
2022,"Liverpool City Region","LEP","153.9"
2022,"London","LEP","999.8"
2022,"New Anglia","LEP","180.7"
2022,"North East","LEP","214.6"
2022,"Oxfordshire","LEP","159"
2022,"Sheffield City Region","LEP","133.6"
2022,"Solent","LEP","154.9"
2022,"South East","LEP","437.3"
2022,"South East Midlands","LEP","301"
2022,"Stoke-on-Trent and Staffordshire","LEP","107.1"
2022,"Swindon and Wiltshire","LEP","76.3"
2022,"Tees Valley","LEP","48.3"
2022,"Thames Valley Berkshire","LEP","220.8"
2022,"The Marches","LEP","96.6"
2022,"West of England","LEP","259.8"
2022,"Worcestershire","LEP","75.7"
2022,"York and North Yorkshire","LEP","78.7"
2017,"Cambridgeshire and Peterborough","MCA","131.5"
2017,"Greater Manchester","MCA","376.9"
2017,"Liverpool City Region","MCA","107.6"
2017,"North East","MCA","59.8"
2017,"North of Tyne","MCA","87.6"
2017,"South Yorkshire","MCA","127.9"
2017,"Tees Valley","MCA","34.5"
2017,"West Midlands","MCA","374.9"
2017,"West of England","MCA","184.7"
2017,"West Yorkshire","MCA","262.1"
2018,"Cambridgeshire and Peterborough","MCA","184.7"
2018,"Greater Manchester","MCA","438.4"
2018,"Liverpool City Region","MCA","114.2"
2018,"North East","MCA","72"
2018,"North of Tyne","MCA","78"
2018,"South Yorkshire","MCA","117.7"
2018,"Tees Valley","MCA","34.9"
2018,"West Midlands","MCA","376.5"
2018,"West of England","MCA","180.1"
2018,"West Yorkshire","MCA","263.4"
2019,"Cambridgeshire and Peterborough","MCA","158.2"
2019,"Greater Manchester","MCA","405.5"
2019,"Liverpool City Region","MCA","107.5"
2019,"North East","MCA","62"
2019,"North of Tyne","MCA","68.6"
2019,"South Yorkshire","MCA","105.8"
2019,"Tees Valley","MCA","30.7"
2019,"West Midlands","MCA","309.7"
2019,"West of England","MCA","203.4"
2019,"West Yorkshire","MCA","244.4"
2020,"Cambridgeshire and Peterborough","MCA","117.6"
2020,"Greater Manchester","MCA","347.3"
2020,"Liverpool City Region","MCA","90.6"
2020,"North East","MCA","49.7"
2020,"North of Tyne","MCA","58.8"
2020,"South Yorkshire","MCA","87"
2020,"Tees Valley","MCA","26.4"
2020,"West Midlands","MCA","246.5"
2020,"West of England","MCA","167.5"
2020,"West Yorkshire","MCA","216.5"
2021,"Cambridgeshire and Peterborough","MCA","86.3"
2021,"Greater Manchester","MCA","283.8"
2021,"Liverpool City Region","MCA","85.4"
2021,"North East","MCA","55.7"
2021,"North of Tyne","MCA","53.3"
2021,"South Yorkshire","MCA","83.5"
2021,"Tees Valley","MCA","32.1"
2021,"West Midlands","MCA","195.6"
2021,"West of England","MCA","128.5"
2021,"West Yorkshire","MCA","188.2"
2022,"Cambridgeshire and Peterborough","MCA","173"
2022,"Greater Manchester","MCA","491"
2022,"Liverpool City Region","MCA","153.9"
2022,"North East","MCA","107.8"
2022,"North of Tyne","MCA","106.8"
2022,"South Yorkshire","MCA","133.6"
2022,"Tees Valley","MCA","48.3"
2022,"West Midlands","MCA","374.2"
2022,"West of England","MCA","236.1"
2022,"West Yorkshire","MCA","302.5"
